source,target,weight
0,628,0.8720224
1,158,0.9640237
1,486,0.93155193
1,1097,0.914498
1,2919,0.94993603
1,2933,0.95175457
2,3285,0.9187021
3,1431,0.9867945
3,3219,0.9927262
4,467,0.9371863
5,648,0.8745086
6,1501,0.8975119
7,1833,0.8955965
7,2137,0.8971128
8,178,0.9941865
8,1033,0.9514816
9,1007,0.88882613
10,1670,0.88004535
10,2622,0.8900004
11,2034,0.97277147
12,113,0.8962067
12,557,0.9265386
12,677,0.9815861
12,794,0.8754432
12,839,0.91730595
12,966,0.9449722
12,1097,0.8778309
12,1357,0.9339751
12,1622,0.91197765
12,1760,0.9346796
12,2474,0.9237598
12,2487,0.96807045
13,1167,0.9814733
13,1493,0.97430015
13,1871,0.97363853
13,1894,0.9744847
13,2711,0.89000916
14,146,0.9748919
14,1248,0.97893786
15,2521,0.9582541
16,314,0.9902658
16,616,0.98955536
16,622,0.9863235
16,1013,0.9841869
16,1422,0.9590819
16,1567,0.97564805
16,1605,0.9794285
16,1708,0.9921659
16,2166,0.9845152
16,2415,0.97486496
16,2416,0.9952047
16,2417,0.9601306
16,2418,0.9927635
16,2597,0.99320155
17,879,0.972624
17,2150,0.9583082
18,582,0.9386393
18,778,0.973798
18,812,0.9775723
19,1338,0.9191774
19,1451,0.9225985
19,3308,0.9282683
20,3080,0.9262364
21,1073,0.9408927
22,726,0.9834539
22,2140,0.9850043
22,3251,0.98296523
23,1942,0.9175886
24,1227,0.95548344
24,2027,0.9636495
25,2057,0.9656333
25,2331,0.9359954
26,222,0.96325004
26,2729,0.94819283
27,229,0.97648406
27,755,0.93555045
27,1012,0.9743749
27,1290,0.97499645
27,1422,0.92233247
27,1943,0.94930565
27,2021,0.9702218
27,2023,0.9904419
27,2282,0.93304616
27,2782,0.95431185
28,135,0.8496078
28,1447,0.8863437
28,1578,0.9021779
28,1678,0.9369359
28,1912,0.9142946
28,2059,0.9382726
28,2312,0.9055496
28,2313,0.72942895
28,2314,0.824351
28,2315,0.84865826
28,2316,0.9533611
29,1422,0.820902
29,2838,0.8072432
30,532,0.9296002
30,1422,0.8338317
31,136,0.9075796
31,1131,0.9142591
31,1625,0.8793957
31,1759,0.9124741
32,118,0.92237043
32,3009,0.94895554
33,824,0.83224773
33,1822,0.86510324
33,3193,0.8737201
33,3197,0.9023452
33,3326,0.83210796
34,75,0.91631675
35,89,0.9792478
36,763,0.9594712
37,1745,0.9537449
38,2228,0.97168523
38,2388,0.96449816
39,1412,0.9829815
39,2466,0.9390634
40,631,0.9738883
40,2625,0.98120445
41,606,0.8957338
41,1059,0.9191072
41,3309,0.82309175
42,2655,0.8610803
43,136,0.8849158
43,887,0.917116
43,1096,0.93070084
43,1238,0.96183896
43,1429,0.93123686
43,1625,0.9641228
43,1731,0.94744486
43,1759,0.9855642
43,2632,0.9758906
43,2633,0.9713908
44,1227,0.97522485
44,1845,0.9816047
45,939,0.9788744
46,3237,0.8975642
47,820,0.8180294
47,1098,0.7840805
47,1388,0.86746305
47,3130,0.79741293
47,3131,0.82724774
48,2185,0.77528197
49,1253,0.98269737
49,1510,0.9731945
49,2228,0.9769858
49,2341,0.9827094
49,2455,0.97375804
49,2994,0.97599214
50,2528,0.84963393
50,2529,0.83292747
51,453,0.98041797
51,493,0.97623706
51,1034,0.9809198
51,1214,0.9566041
51,1422,0.95052356
51,1607,0.9652754
51,2525,0.9316734
51,2828,0.9494673
52,274,0.94241124
52,1617,0.8377706
53,61,0.92354023
54,728,0.9157552
54,1903,0.9105118
54,2378,0.9024476
55,186,0.92729986
55,2119,0.91452515
55,2324,0.8771839
56,1027,0.9531517
56,2609,0.95122814
57,487,0.9570296
57,2570,0.9600513
58,284,0.98992974
58,740,0.9914055
58,742,0.9914968
58,1416,0.990828
58,2009,0.98992974
59,931,0.96373904
59,962,0.9771898
59,968,0.95698285
59,1214,0.9484379
59,1290,0.9700466
59,1422,0.9363911
59,2826,0.9808087
60,793,0.94338536
60,916,0.9528856
60,2992,0.8836224
61,1443,0.9359201
61,1514,0.8922351
61,1734,0.9455
61,2063,0.98011166
61,2113,0.97944146
62,1620,0.88614357
63,1053,0.90398765
64,1431,0.9655343
65,1944,0.8957509
66,1062,0.9925469
66,2342,0.9880575
66,3144,0.99257445
67,1960,0.9098712
68,2411,0.96740496
69,157,0.93424416
69,1178,0.9339495
69,2370,0.91971254
70,808,0.97103155
70,1474,0.96639216
70,2245,0.9680024
70,2335,0.9766602
70,2557,0.94258004
70,2899,0.939417
70,3009,0.9796234
71,328,0.9758457
71,660,0.98896986
72,1896,0.87333655
73,497,0.96920717
73,832,0.9815265
73,1779,0.98157656
74,2365,0.89638174
75,1300,0.9427383
75,1697,0.9385129
75,1879,0.9152657
76,1132,0.80013645
76,1861,0.95821375
76,2428,0.8592243
76,2530,0.972996
76,2644,0.94818515
76,2955,0.957168
77,1222,0.97187674
78,1687,0.9743387
78,2043,0.9485141
78,2366,0.9818415
78,2492,0.94917333
79,298,0.8949821
79,2089,0.89562464
80,359,0.9865607
80,2316,0.9470964
80,3029,0.98956174
81,558,0.9919068
81,591,0.98916936
81,1145,0.9864249
81,1527,0.9626972
81,2414,0.9915687
81,2976,0.985085
82,2271,0.93229353
83,540,0.9881259
83,584,0.95412886
83,649,0.9688858
83,654,0.93215156
83,923,0.98261786
83,1077,0.9574119
83,1225,0.9391737
83,1383,0.9116702
83,1842,0.92182493
83,1932,0.95487523
83,2673,0.91031814
83,3017,0.96885765
83,3018,0.94551545
83,3046,0.9908813
83,3299,0.9116702
83,3318,0.9098067
84,582,0.9157444
84,653,0.96903974
85,2893,0.9538586
86,1488,0.938995
86,1857,0.9673152
87,1710,0.9671481
87,2215,0.9845072
88,3156,0.92660695
90,118,0.8488742
90,3277,0.8487848
91,1992,0.85505086
92,582,0.90829843
92,2189,0.9450526
93,2939,0.9434039
94,1192,0.98942405
94,2793,0.9855347
95,110,0.957875
95,822,0.956862
95,928,0.9168929
95,2269,0.96078277
95,2636,0.92319405
95,3274,0.9802392
96,119,0.97480416
96,132,0.95976
96,339,0.92813194
96,1322,0.964778
97,902,0.9844654
97,1201,0.9695819
97,2572,0.97563803
98,353,0.9498211
98,386,0.9255794
98,936,0.92495495
98,1078,0.95715964
98,1406,0.95434964
98,2174,0.9504882
98,2284,0.9651023
98,2297,0.9643729
98,2510,0.9742985
98,2511,0.9617841
99,157,0.9662695
99,1015,0.8786616
99,2571,0.9532509
100,1026,0.9563341
100,2158,0.9709478
101,825,0.8281679
101,1325,0.8012794
101,1340,0.8981637
101,1434,0.90815157
101,2855,0.8982024
101,3087,0.908453
101,3161,0.8412453
102,1016,0.90825284
102,1639,0.9355724
102,1748,0.9435117
102,2198,0.9415555
103,2130,0.9238328
104,1768,0.9450538
104,1964,0.990165
105,976,0.9823669
106,155,0.94772094
106,1366,0.789146
106,2189,0.8810209
106,2643,0.92865443
106,2776,0.9724184
107,3193,0.8746007
108,1833,0.89017814
108,2137,0.89728683
109,1454,0.8580086
109,1819,0.8892433
109,2658,0.8542601
109,2659,0.94270456
110,472,0.975639
110,541,0.92676216
110,1551,0.98410416
110,1704,0.98955715
110,3274,0.9494333
111,251,0.9623199
112,1249,0.884842
113,150,0.9005413
113,1533,0.9214509
113,1875,0.8880961
114,553,0.856041
114,1419,0.7795829
114,1538,0.8274391
114,1686,0.77521735
114,2074,0.84546745
114,2677,0.84656525
115,880,0.9129242
115,2122,0.889037
116,3310,0.9131169
117,367,0.83662164
118,3133,0.93473274
119,132,0.9637898
119,1829,0.9654482
119,3133,0.95007515
120,337,0.9898794
120,1650,0.96513325
121,1911,0.85948175
121,3137,0.91519535
122,827,0.95137984
122,2421,0.9774222
123,1992,0.7561077
124,1811,0.9136225
125,831,0.94546854
126,204,0.89817774
127,143,0.9056528
128,1041,0.90572596
129,1240,0.8341614
130,582,0.8915296
130,1004,0.95581377
131,935,0.9498781
131,2622,0.90988195
131,3324,0.9707179
132,779,0.9581225
132,1322,0.9332595
132,1329,0.8792275
132,3134,0.9387508
133,1631,0.8419608
134,874,0.9788835
135,1566,0.89926505
135,2080,0.87855947
136,1561,0.9043344
136,1702,0.81203914
136,1759,0.8574176
136,1940,0.8941717
136,2315,0.72198594
136,2507,0.9513645
136,2519,0.92689395
136,2520,0.9015292
136,2598,0.921438
137,755,0.91253686
137,1034,0.95008343
137,1422,0.8889569
137,2782,0.9220531
138,468,0.9747708
138,680,0.964334
138,1097,0.8842823
138,1131,0.9673356
138,1736,0.96637166
138,1853,0.97164834
138,2196,0.8986246
138,2487,0.96230614
138,2488,0.9671744
139,602,0.98679113
139,958,0.9758556
140,1713,0.9271901
141,1036,0.9162488
142,1002,0.9901007
142,1200,0.9812288
142,1455,0.97837937
142,2059,0.9636109
142,2734,0.99172205
144,847,0.9726678
144,1130,0.9339342
144,1429,0.9542269
144,2110,0.98438394
145,3121,0.9717835
146,1248,0.98279613
147,1350,0.90368354
147,1439,0.97104514
147,1647,0.9512919
147,2264,0.9867332
147,2404,0.987378
147,2405,0.98891276
147,2625,0.9778211
147,2626,0.9796233
148,1770,0.9801288
148,2068,0.98727214
148,2228,0.9743235
149,364,0.9136591
150,557,0.93177915
150,677,0.98357654
150,966,0.9515699
150,1097,0.88519025
150,1357,0.9353675
150,1622,0.9131632
150,1760,0.93609905
150,2474,0.9267185
150,2487,0.97013247
151,930,0.9155927
151,1736,0.9511421
151,2217,0.85538036
151,2299,0.91234577
152,1429,0.95268923
152,1666,0.9440348
152,2546,0.9660225
153,396,0.94788617
153,744,0.91907257
153,755,0.93728876
153,2925,0.9278376
154,450,0.7962025
154,1112,0.9365807
154,1131,0.90846276
154,1625,0.8743515
154,1668,0.9548135
155,922,0.9085059
155,2643,0.9187702
155,2776,0.939728
156,942,0.97431934
156,1334,0.97896135
156,1677,0.939999
156,3084,0.9577617
157,1178,0.9592154
157,2507,0.9701891
158,1097,0.9137735
158,2919,0.9593865
159,465,0.96224034
160,926,0.9034759
160,934,0.97035074
160,1616,0.9426186
160,2133,0.7903569
160,2716,0.87400794
161,2003,0.90032583
161,2735,0.87899315
161,3070,0.9047623
162,1070,0.8360894
163,3182,0.9539697
164,2409,0.8654901
165,944,0.75524276
165,1994,0.8695308
165,2804,0.85526437
166,667,0.90854585
167,1904,0.9178916
167,2909,0.8856994
168,3193,0.8829921
169,247,0.6917074
169,929,0.9404333
170,491,0.9562111
170,881,0.9860722
170,1755,0.9750576
170,2228,0.9819544
170,2571,0.95808923
170,2583,0.95307606
170,2803,0.9686763
171,425,0.8801497
172,1557,0.9760804
172,2320,0.98155665
172,2322,0.9877731
173,519,0.9658878
174,1289,0.9884218
175,2941,0.9644944
176,2679,0.9702245
176,2750,0.9911081
177,1971,0.97403765
177,2442,0.9845854
177,2687,0.9893076
178,1033,0.9514472
179,1298,0.90376616
179,1860,0.9162512
179,2436,0.9347898
179,2696,0.8860043
180,351,0.99140924
180,661,0.9695535
180,2638,0.9730685
180,2639,0.9901904
181,1262,0.9075738
181,1422,0.803993
182,2262,0.9663367
183,2946,0.9771679
184,1825,0.9659859
185,3278,0.9527282
186,2507,0.9407793
186,2883,0.97232753
187,199,0.9167377
188,2619,0.929926
189,1802,0.9792319
189,2076,0.96922576
189,2434,0.9579617
190,325,0.9819736
190,3107,0.97208285
190,3184,0.9841941
191,1927,0.9664781
191,2169,0.9684535
193,572,0.9261889
194,397,0.946765
194,1522,0.9458313
194,1620,0.95262104
194,2218,0.9237688
194,2900,0.9334574
194,3051,0.91800207
194,3052,0.8830098
195,1407,0.9812082
195,1823,0.9810652
196,2508,0.97442424
197,715,0.94532925
197,755,0.89190537
198,1453,0.81232816
198,2001,0.84837437
198,2327,0.8915718
200,2842,0.9727912
200,2843,0.98214555
201,1701,0.8544471
202,1594,0.9576338
203,1094,0.96897304
203,2899,0.93060446
203,3009,0.9690461
204,1434,0.93237877
204,3087,0.9325243
205,212,0.9841221
205,783,0.9579975
205,854,0.96773756
205,2296,0.949154
205,3076,0.90857476
205,3134,0.9319768
205,3265,0.9614525
206,772,0.9269811
207,270,0.94876343
208,218,0.98609835
208,404,0.98148704
208,438,0.9812105
208,997,0.97331727
208,1534,0.9729315
208,1718,0.9884652
208,2433,0.94008553
208,2703,0.98545545
208,2705,0.98487186
208,2706,0.9870554
208,2966,0.98449385
209,1991,0.9031329
210,3183,0.96407163
211,1444,0.95172757
211,1896,0.8851292
212,783,0.97903955
212,2835,0.9786738
212,2836,0.9802213
212,3076,0.9366548
212,3265,0.96785253
213,528,0.96302027
213,2097,0.97516024
213,3073,0.9748614
214,2485,0.95722127
214,2773,0.98613393
214,2928,0.96546024
215,582,0.87264407
216,695,0.90541506
216,1655,0.9268104
216,2615,0.9315644
217,1319,0.98129827
217,1603,0.9980883
217,2867,0.9837009
218,1482,0.92396957
218,1718,0.99294114
218,1896,0.95373863
218,2433,0.9547442
218,2703,0.975548
219,2254,0.8981791
219,3093,0.93733156
220,755,0.95128804
220,968,0.9483857
220,1034,0.9738476
220,1214,0.9571379
220,1422,0.9236169
220,2475,0.9785439
220,2782,0.95027864
221,1097,0.85009027
222,567,0.89514816
222,1392,0.9379404
222,2634,0.8921735
222,2729,0.9444318
222,2857,0.9138328
224,1622,0.94213116
225,741,0.9235168
225,1066,0.9451815
225,1528,0.9169266
225,3203,0.9242836
225,3204,0.94193757
226,1907,0.9500059
226,2713,0.9520055
227,843,0.9841825
227,1809,0.98801005
227,2619,0.9717745
227,3249,0.97434014
228,300,0.98807144
228,411,0.98827577
228,1233,0.93490094
228,1531,0.9741916
228,2815,0.9814506
228,3012,0.94443655
229,307,0.98269975
229,492,0.9896354
229,887,0.96952343
229,895,0.9665042
229,1230,0.981366
229,2023,0.98811245
229,2282,0.93024004
229,2782,0.97294617
229,2785,0.9736656
230,356,0.87271845
230,1968,0.96281064
230,2979,0.9433189
231,875,0.9197003
232,252,0.9575863
232,333,0.88244224
233,2079,0.9288863
234,582,0.9379113
234,2391,0.9692561
234,2993,0.96399605
235,256,0.97869325
236,618,0.9378396
236,1582,0.9495225
237,585,0.9761343
237,1731,0.9652164
237,2398,0.9535563
237,2564,0.9718808
238,735,0.85475147
239,767,0.9745997
239,1321,0.9846394
239,3230,0.98546845
240,2942,0.9299355
241,603,0.9798887
241,936,0.97584194
241,1414,0.97927606
241,2174,0.95751405
241,2861,0.983016
242,796,0.9381186
242,1582,0.9160187
242,1736,0.85585475
242,2032,0.90327513
242,2196,0.95183957
242,2299,0.9614041
243,931,0.9620631
243,1812,0.95517415
244,906,0.91222095
245,1066,0.9619931
245,3124,0.9048007
245,3189,0.92791414
245,3203,0.9650632
245,3204,0.97834504
246,1422,0.8609473
246,2782,0.8928442
247,1217,0.8302976
247,1265,0.66990924
247,2063,0.466525
247,2088,0.9009099
247,2613,0.9425239
247,2643,0.83231306
247,2848,0.7909069
248,297,0.97175354
248,1669,0.9358429
249,906,0.9285287
250,825,0.7034122
250,2083,0.8971386
253,843,0.9513087
253,1992,0.79676664
253,2579,0.93632436
254,266,0.9554995
254,1543,0.97644246
254,1687,0.9502007
254,1772,0.96857136
254,1822,0.9749815
254,2067,0.98096645
254,2222,0.9622134
254,2551,0.95689344
254,2619,0.95231587
254,2732,0.9758724
254,2733,0.88034254
254,3249,0.97906226
255,2277,0.85449016
257,720,0.9387176
257,2970,0.9507584
258,962,0.9255234
259,1637,0.84657896
259,2978,0.8746232
260,2749,0.9453521
261,288,0.93461144
262,1597,0.9738372
263,525,0.87849665
263,737,0.90302014
263,886,0.90409243
263,2422,0.92534816
263,2655,0.95268893
264,1267,0.8759106
265,1536,0.98733974
265,2220,0.98773855
265,2452,0.9905884
266,672,0.75005877
266,1156,0.7527528
266,1809,0.94150686
266,2067,0.9583991
266,2619,0.94556636
266,3249,0.9464338
266,3298,0.8922831
267,749,0.9209175
267,1259,0.8991703
268,1942,0.92355865
268,2622,0.8844135
268,3242,0.9367815
268,3324,0.95897865
269,1782,0.85321295
269,1903,0.7622237
269,3228,0.962407
269,3234,0.9411429
269,3235,0.94256586
269,3236,0.964843
271,1266,0.9477737
272,450,0.70095325
272,2765,0.8699381
273,416,0.90278846
273,468,0.8528557
273,768,0.88063073
273,1417,0.9107733
273,2217,0.85914445
275,710,0.888931
275,1297,0.89899254
277,3238,0.9417105
278,2015,0.97889113
278,2469,0.9834318
279,688,0.9550474
279,1928,0.9619762
279,2326,0.95653844
280,1296,0.93168867
280,1563,0.97587276
281,646,0.9710947
282,1163,0.9829817
282,2348,0.9722184
283,1596,0.9697343
283,3252,0.9803139
284,2009,1.0000002
285,1418,0.98915046
285,1967,0.9662135
286,1466,0.8887527
286,1835,0.88318354
286,2401,0.81542885
286,2674,0.8736297
287,1011,0.9439169
288,1361,0.9269357
289,1422,0.86376846
289,1943,0.90797555
290,2701,0.8715145
291,873,0.9762938
292,594,0.9691933
292,1843,0.9575334
292,2141,0.9861873
292,2854,0.98408735
293,1585,0.9176377
293,1874,0.95667064
294,540,0.93497276
294,3046,0.92470336
295,3061,0.92538154
296,2853,0.9289185
297,513,0.95454544
297,1669,0.9201478
298,468,0.8892903
299,1057,0.9659526
299,1134,0.93255615
300,1410,0.983761
300,1531,0.98480386
300,2763,0.9055556
300,2815,0.99110085
301,1204,0.8751466
302,962,0.9760879
302,1943,0.9527296
302,2651,0.95785856
303,493,0.9649731
303,719,0.955206
303,937,0.9463512
303,1190,0.9579455
303,1343,0.9570994
303,1422,0.9666338
303,1480,0.95806974
303,2116,0.9657824
303,2254,0.93282336
303,2585,0.9703816
303,3093,0.9280654
303,3186,0.8862532
304,637,0.9589784
304,1620,0.9543423
304,2025,0.99082494
305,2929,0.9822344
306,1368,0.91871905
307,585,0.97929007
307,1230,0.9767835
307,1290,0.98259115
307,1918,0.96533835
307,1943,0.9756309
307,2230,0.9783694
307,2398,0.9851496
307,2676,0.9457618
307,2782,0.9758512
308,2930,0.914523
308,3221,0.8954016
309,1680,0.85125273
310,1878,0.96276104
310,2936,0.98946273
310,2937,0.9681153
311,413,0.95141876
311,1253,0.9652896
311,2803,0.96863437
312,2644,0.8973067
313,964,0.9740126
313,2984,0.9598515
314,373,0.9802433
314,622,0.98878425
314,912,0.9858446
314,1422,0.95493424
314,1567,0.97651076
314,1605,0.967058
314,1708,0.98734677
314,1943,0.98173225
314,2166,0.98813623
314,2596,0.9779735
314,2597,0.9846896
314,2637,0.97472507
315,1124,0.94668156
316,777,0.9287493
316,2931,0.95527476
316,2932,0.95232064
317,411,0.93807936
318,717,0.9468598
319,1536,0.9821577
319,2220,0.9830332
319,2646,0.93680024
320,2962,0.98069036
321,2227,0.87345815
321,3083,0.8182359
322,1879,0.91315484
323,697,0.8963371
324,3116,0.90366095
325,3184,0.9926208
326,984,0.6963217
326,3085,0.75243986
327,1382,0.97826844
328,660,0.9628488
329,1889,0.974254
329,2517,0.97335386
329,2618,0.97876763
330,3184,0.9831134
330,3206,0.9643365
331,1083,0.9926819
331,1278,0.88445956
331,1709,0.99037856
331,2948,0.98662335
332,2259,0.9289998
332,2921,0.9702121
333,777,0.91683984
334,1692,0.92835116
335,723,0.95928675
335,1088,0.94609237
336,561,0.985298
336,876,0.9726177
336,1180,0.97683734
336,1600,0.9622719
336,2580,0.9880067
336,2581,0.98460734
336,3002,0.89530104
337,1650,0.9694267
338,1227,0.9379309
338,2642,0.9354265
339,472,0.9388901
339,2789,0.95341885
340,1050,0.9491691
340,2597,0.9429126
341,1869,0.9252422
342,678,0.9749399
342,3296,0.9606862
343,1773,0.98445034
344,2238,0.8935934
344,3289,0.9312272
345,1452,0.67266136
346,1663,0.94114655
347,1202,0.9709078
347,1758,0.966188
347,1853,0.95665777
347,2073,0.96337444
347,2527,0.98661554
347,2633,0.95133126
348,399,0.9279437
348,1991,0.89446306
349,2760,0.81700706
350,2399,0.8702374
351,661,0.9776757
351,1112,0.9722798
351,2638,0.98035884
351,2639,0.98661655
352,1728,0.9706667
352,3293,0.9697575
353,2434,0.9544109
354,3006,0.93015623
355,1121,0.9323609
356,3156,0.8688224
357,1948,0.9848715
357,2350,0.9937057
357,2351,0.9794606
359,3029,0.9813798
360,477,0.83019453
361,1918,0.9774081
361,2185,0.85432434
361,2444,0.9832138
361,2649,0.9573633
361,2650,0.9595138
362,2339,0.8061701
362,2340,0.9592311
363,800,0.9200932
364,399,0.95635617
364,1991,0.93932545
365,630,0.9635321
365,1150,0.95529807
366,2061,0.9193617
368,1199,0.9479772
369,580,0.96967965
370,2157,0.90433526
370,2499,0.9112715
371,1369,0.94717985
371,1423,0.8908064
371,1746,0.94749975
371,1981,0.9006963
371,2463,0.9465904
371,3071,0.90200984
372,3193,0.88469803
373,616,0.98932433
373,912,0.99702406
373,1117,0.9930001
373,1605,0.97931975
373,1708,0.9909814
373,2416,0.98924327
373,2490,0.9728706
373,2925,0.96825224
374,1411,0.97386485
374,2368,0.9880598
374,2790,0.9625456
374,3286,0.97493905
375,1793,0.923419
376,2300,0.86204624
377,715,0.96546465
377,2405,0.96856403
378,2767,0.86921775
378,3272,0.86505073
379,582,0.91040325
379,2189,0.94772893
380,2155,0.9852185
380,3188,0.9950832
381,1457,0.94760734
381,2955,0.94740355
382,696,0.89421785
383,989,0.94777143
383,1033,0.9569292
384,1930,0.88416433
385,1700,0.95172477
387,2808,0.83203936
388,2254,0.92960227
389,2111,0.98163486
389,2989,0.98272276
390,871,0.97075105
390,1916,0.9828837
390,2103,0.99234825
390,2105,0.9871655
391,2995,0.9754872
392,2316,0.8930842
393,566,0.9714182
394,1879,0.95526093
394,2594,0.9663919
394,2711,0.9020674
395,2519,0.89833724
395,2622,0.85240847
396,468,0.9180403
396,930,0.9569377
396,2217,0.89291686
396,2519,0.9036012
396,2887,0.95154005
397,1522,0.97611535
398,1251,0.8498918
398,1843,0.94439113
399,957,0.9589449
400,862,0.8865264
401,2739,0.8555173
402,603,0.97892666
402,1414,0.981032
402,2861,0.9744721
403,3185,0.8906254
404,1534,0.99063146
404,1718,0.98954904
404,1896,0.9591249
404,2703,0.97644746
404,2705,0.99539125
404,2706,0.9918059
404,2966,0.98607206
405,582,0.92917025
405,1660,0.9769567
405,2179,0.9690352
405,3274,0.8870603
406,1296,0.9211669
407,1364,0.90892065
408,637,0.8610322
409,1341,0.9706686
409,1529,0.97442484
409,2584,0.9664001
410,1808,0.9878714
410,3106,0.98344076
411,1033,0.98415196
411,1335,0.984048
411,1410,0.9791004
411,2815,0.990241
412,2440,0.9748628
412,3257,0.97638977
413,805,0.89626503
413,1812,0.9617493
413,2204,0.92050886
413,2718,0.9229562
413,2719,0.9045261
413,2720,0.88841844
414,1128,0.97148323
414,1625,0.9431654
414,1666,0.90761113
414,2429,0.95549786
414,2565,0.9782461
415,2533,0.9432846
416,1758,0.9175736
416,2645,0.8786726
417,915,0.96228254
417,1335,0.964183
418,1207,0.9268328
419,476,0.95736355
419,1004,0.97129965
420,1933,0.9295406
421,1135,0.9576781
421,1162,0.949631
421,2275,0.93367743
421,2631,0.96652305
422,2237,0.98111147
422,2867,0.97848135
423,1756,0.82808274
424,3163,0.8920268
426,2129,0.98358953
427,840,0.93194556
427,1560,0.9065472
427,1705,0.91552925
427,2114,0.92154634
427,2477,0.91117465
428,773,0.9882065
428,1439,0.98040426
428,1647,0.9631099
428,2264,0.9898651
428,2404,0.9925918
428,2405,0.9942397
428,2625,0.98399293
428,2626,0.98497355
429,541,0.91615176
429,1620,0.9713088
429,2028,0.986897
429,2154,0.9781494
430,1684,0.9656961
430,2844,0.96593285
431,869,0.9736661
431,1174,0.92773205
431,1268,0.91035527
431,2352,0.9861337
432,2983,0.9235503
433,2829,0.91332674
434,549,0.9505307
434,1655,0.7884231
434,2361,0.9154946
434,2362,0.9617218
435,1019,0.9491628
435,1875,0.91497236
435,1996,0.96303684
436,2317,0.95068294
437,2922,0.9537468
438,1718,0.991062
438,1896,0.9567336
438,2703,0.9731288
438,2705,0.9960846
438,2706,0.99405396
438,2966,0.9881014
439,2011,0.9571411
439,3128,0.8730989
440,3047,0.93025887
441,1782,0.9220873
441,2501,0.9357473
441,2812,0.8870406
442,2911,0.92064583
443,857,0.9974133
443,1828,0.98548204
443,2406,0.9940202
444,1301,0.9723164
444,2655,0.90504277
445,509,0.9764559
445,2891,0.9747555
446,2388,0.93562734
447,1184,0.9503552
447,3286,0.9562989
448,888,0.75627285
448,1090,0.770373
449,1543,0.9395344
450,542,0.7607998
450,882,0.774679
450,1020,0.7431673
450,1532,0.8400768
450,1561,0.83513653
450,1817,0.68728554
450,1915,0.80108535
450,1965,0.72983766
450,2196,0.7743288
450,2295,0.8106491
450,2299,0.8094473
450,2507,0.7862991
450,2519,0.7753346
451,1630,0.9862148
451,2736,0.96934444
452,2214,0.8635733
453,807,0.967574
453,835,0.97518015
453,887,0.98004246
453,941,0.97372
453,1009,0.9552754
453,1034,0.99165916
453,1214,0.984382
453,1219,0.9699397
453,1422,0.978723
453,1599,0.9263514
453,1644,0.9891336
453,2053,0.93613595
453,2254,0.95842993
453,2475,0.98571247
453,2667,0.944437
453,2782,0.9921829
453,2784,0.9716903
453,2786,0.9590589
454,2828,0.8506805
455,1656,0.9845234
455,1684,0.96479684
455,1992,0.90994364
455,3017,0.96244735
456,1592,0.7678405
457,1438,0.8946184
458,2233,0.95662385
458,2358,0.94452155
459,2099,0.98109645
460,992,0.98068327
460,1751,0.97186077
460,3030,0.9771217
460,3263,0.96447873
461,1508,0.9323586
462,476,0.9427967
463,2539,0.9715543
463,2540,0.97390157
464,1758,0.91578966
464,1853,0.85958254
465,2153,0.9731908
465,2345,0.9369283
465,2973,0.9716509
466,936,0.97043765
466,2174,0.92298895
466,3138,0.9764714
468,680,0.91740984
468,768,0.913643
468,930,0.93045187
468,968,0.9203499
468,982,0.9356557
468,1097,0.8793603
468,1251,0.9472733
468,1362,0.7687346
468,1473,0.9123888
468,1665,0.8746196
468,1736,0.9383975
468,1853,0.96065354
468,2089,0.9209297
468,2196,0.91342366
468,2217,0.93274975
468,2299,0.81384176
468,2622,0.9593371
468,2718,0.8956718
468,2719,0.8808239
469,1101,0.9146492
469,1478,0.9389453
470,1982,0.8800818
471,1676,0.9692238
471,2314,0.930316
471,2554,0.95982724
471,2588,0.9686574
472,541,0.9374445
472,703,0.9336815
472,780,0.88412213
472,1704,0.9815523
472,2269,0.9804063
472,3274,0.9505644
473,843,0.984712
473,1808,0.9827608
473,2524,0.98987263
474,3055,0.81352425
474,3056,0.86163795
475,3295,0.92732596
476,1247,0.94934416
476,2203,0.92327267
476,3046,0.9704391
478,3046,0.89892495
479,3105,0.92620564
480,571,0.93428546
481,2236,0.77846825
482,830,0.9417997
482,833,0.94880664
482,1076,0.9424905
482,3156,0.9853467
482,3272,0.97923607
482,3276,0.97957975
483,1585,0.9749794
483,2020,0.98206127
483,2624,0.98806465
484,1210,0.9942945
484,1531,0.9784683
485,1052,0.9837481
485,2752,0.9693075
486,509,0.9730066
486,1097,0.9325572
486,1115,0.95179427
486,1202,0.8363038
486,1362,0.9525103
486,1570,0.9511615
486,2356,0.95057833
486,2891,0.9587711
486,3228,0.9324058
487,734,0.9216531
487,837,0.96561575
487,1140,0.92791355
487,1651,0.9698546
487,2108,0.96977377
488,667,0.8734648
489,582,0.8736514
490,1394,0.95548356
490,2858,0.9465094
491,881,0.9553242
491,2228,0.94067633
491,2994,0.9618187
492,755,0.963059
492,1012,0.95068324
492,1034,0.9886975
492,1422,0.9450902
492,1644,0.9905912
492,2181,0.97066295
492,2404,0.9821477
492,2632,0.9293646
493,1214,0.9554513
493,2151,0.96195763
494,637,0.95838344
494,1620,0.9548943
494,2025,0.9902464
495,1262,0.8859584
495,1422,0.847893
496,861,0.8833183
497,1779,0.9746816
497,2974,0.9683484
497,2975,0.96958756
498,2652,0.9778688
499,886,0.94049335
499,2274,0.98323894
500,1809,0.9860374
500,3249,0.9583002
501,1011,0.9546255
501,1575,0.94388586
502,517,0.8233042
503,1529,0.96164215
504,624,0.9427115
504,2292,0.91666895
504,2844,0.9613961
505,1729,0.9139451
506,1583,0.9374963
506,1944,0.95131564
506,3213,0.9458715
507,2834,0.88410103
508,1822,0.9583851
508,2732,0.9855573
508,3248,0.9478437
509,1362,0.96071506
509,1570,0.9510913
510,2827,0.94441724
511,625,0.87490964
512,620,0.93668973
514,2809,0.9694176
514,2810,0.9735161
515,1383,0.95950985
515,1498,0.9380558
515,3299,0.95950985
516,2646,0.89627886
517,1215,0.8207373
517,1583,0.8689984
517,2647,0.8992586
518,1896,0.8588218
519,3146,0.98040986
520,2380,0.91186917
520,2402,0.96251893
521,964,0.9610997
522,1830,0.9865411
523,1840,0.983571
523,2349,0.9817812
524,1537,0.9627401
524,2787,0.9182364
524,2938,0.95716673
525,648,0.8909287
525,705,0.92344904
525,2573,0.90211034
525,2577,0.8920586
526,920,0.9199659
526,2163,0.9209217
527,1422,0.8521613
527,1943,0.8944855
528,962,0.97493047
528,1422,0.93433446
528,2396,0.9737053
528,2829,0.97070867
529,1724,0.93834555
529,1958,0.9718491
530,664,0.9670469
530,1017,0.9456618
530,1621,0.9165697
530,1641,0.9601842
530,1966,0.94073975
531,2610,0.97184366
532,1944,0.8299314
533,1764,0.9151274
533,2691,0.9348536
534,2287,0.8106966
535,641,0.8641331
535,946,0.97162604
535,2584,0.96481246
536,2477,0.95488834
537,650,0.96295595
537,836,0.9579394
538,632,0.9829979
538,1506,0.9871754
539,1783,0.9457977
540,555,0.8987962
540,911,0.942271
540,923,0.98761606
540,1945,0.89617527
540,2515,0.9492794
540,2646,0.98577917
540,2910,0.9453382
540,2911,0.99301803
540,3046,0.9904532
541,703,0.88478583
541,809,0.8529415
541,822,0.9363364
541,928,0.9064826
541,1464,0.86599815
541,1477,0.9150018
541,1620,0.9433198
541,1704,0.9309872
541,1768,0.73592913
541,1865,0.9475664
541,2269,0.9275461
541,2721,0.9190103
541,2745,0.87827504
541,2840,0.8864858
541,3047,0.94016266
541,3048,0.9149043
541,3049,0.70340955
541,3050,0.79302216
541,3274,0.9288187
542,1020,0.98931867
542,2295,0.9625523
543,2561,0.8120456
544,1915,0.9385798
544,2302,0.9699662
545,1046,0.97309387
545,2259,0.94868726
547,582,0.89962614
547,819,0.9626365
548,851,0.9213022
548,1877,0.9509444
548,2063,0.9392958
549,755,0.92767966
549,1422,0.9135294
549,1821,0.92474926
549,2361,0.9504247
549,2585,0.97765857
549,2782,0.943258
550,2899,0.92655486
550,3009,0.9733523
550,3010,0.9873683
551,749,0.91414654
551,1259,0.89758855
552,2412,0.95631444
552,2789,0.9453367
554,799,0.9041925
556,969,0.90789616
557,725,0.93060315
557,1883,0.9436289
557,1922,0.87643695
558,591,0.9780342
558,1145,0.9781927
558,2414,0.9910082
558,2976,0.9816631
559,1013,0.8756392
559,1097,0.86080897
559,1570,0.8898308
560,2191,0.9407135
560,2482,0.9585695
561,1180,0.98687744
561,1366,0.9609632
561,2580,0.99543524
561,2848,0.96390986
561,3025,0.98438674
562,1586,0.97519106
562,1735,0.95392174
563,582,0.84406555
564,1477,0.9796202
564,3048,0.9827841
565,904,0.962388
565,1264,0.96968
565,1330,0.96804184
565,2484,0.9380184
566,698,0.9853634
566,2212,0.9851985
567,1435,0.9472244
567,2005,0.95842016
567,2400,0.89149857
567,2464,0.9167166
567,2486,0.9584526
567,2730,0.9674722
567,2898,0.9410347
567,3221,0.9651668
568,1839,0.9632398
568,3023,0.96336746
569,624,0.9105848
569,3153,0.9752015
570,1786,0.90697324
572,1024,0.8935938
572,1998,0.8597763
573,624,0.9356983
573,670,0.93766475
573,1478,0.9457841
574,1109,0.92425823
574,1518,0.95544636
574,2049,0.83470374
574,2267,0.9482454
575,620,0.93762326
576,1887,0.9252599
577,1027,0.8344586
577,1971,0.72901964
577,2080,0.91482276
578,2225,0.9645077
578,2367,0.9808038
579,1410,0.96829426
579,1531,0.9784357
581,1750,0.9370368
582,587,0.882097
582,637,0.9805059
582,647,0.8754362
582,653,0.90799284
582,676,0.86718416
582,790,0.9184165
582,879,0.8428836
582,1002,0.9618429
582,1004,0.9657382
582,1170,0.93544555
582,1200,0.94535726
582,1387,0.87130034
582,1410,0.9604375
582,1516,0.84752756
582,1525,0.87122095
582,1660,0.9107027
582,1693,0.87737715
582,1701,0.86809707
582,1753,0.8753597
582,1921,0.8905764
582,1967,0.9496608
582,2066,0.94837254
582,2100,0.877407
582,2134,0.91413426
582,2179,0.90086484
582,2249,0.8967676
582,2258,0.87671745
582,2391,0.9160305
582,2447,0.9588994
582,2840,0.864302
582,2920,0.9255836
582,2921,0.927206
582,2950,0.9155404
582,2973,0.9327108
582,3017,0.96396124
582,3099,0.91223395
582,3148,0.91850734
582,3216,0.8273468
582,3217,0.8533987
582,3218,0.86546427
583,2384,0.91657054
584,1039,0.99153125
584,2531,0.9902967
585,1214,0.95890987
585,1422,0.9381793
585,1943,0.96153575
585,1997,0.8961274
586,1214,0.94559246
586,1422,0.9213438
586,2116,0.9657837
586,2556,0.837689
586,2782,0.9504166
587,2840,0.95117986
588,828,0.97712296
588,1255,0.9798651
588,1275,0.79050785
588,2536,0.9765943
588,2537,0.9620007
589,3096,0.9827334
590,2185,0.8877195
590,2206,0.9930255
590,2868,0.9422667
591,1145,0.9855512
591,1527,0.9632132
591,2414,0.9805602
591,2704,0.973792
593,2325,0.86004186
595,618,0.8371055
595,878,0.90764755
595,1447,0.6322547
595,1961,0.87779963
596,3191,0.926692
597,3174,0.98339266
598,1887,0.91928136
599,1259,0.8750193
600,1001,0.9870073
600,2105,0.9893011
601,3192,0.8371822
602,958,0.9864556
602,1858,0.9866781
603,1471,0.99302137
603,2799,0.97761756
603,3128,0.95923525
604,692,0.8977643
604,2458,0.80724907
605,859,0.95613825
607,1879,0.91209644
607,2868,0.9302063
608,2889,0.97959834
609,684,0.9683192
609,2866,0.863686
610,1116,0.95335174
610,2910,0.9464971
610,2911,0.9423531
610,3039,0.9455745
611,620,0.97130203
611,2605,0.99014944
612,1316,0.9315934
613,2603,0.9635473
614,849,0.84998286
615,1818,0.8270321
615,2673,0.90442616
616,622,0.9834703
616,755,0.94287574
616,931,0.97988087
616,1422,0.9556234
616,1567,0.9699507
616,1605,0.985731
616,1708,0.9895768
616,1943,0.9566326
616,2166,0.9662896
616,2415,0.9654342
616,2596,0.989133
616,2597,0.98937356
616,2862,0.8817195
617,2290,0.85589135
618,2380,0.64205045
619,2290,0.85204613
620,709,0.9477724
620,2174,0.9760379
620,2321,0.9615051
620,2413,0.9380172
620,2439,0.9379262
620,2605,0.981516
621,1790,0.95066845
622,912,0.98787594
622,1013,0.9784399
622,1117,0.99053496
622,1605,0.9744796
622,1708,0.9911899
622,1943,0.9745873
622,2416,0.99016184
622,2418,0.9886301
622,2596,0.98318374
622,2597,0.9857402
622,2637,0.9747146
622,2925,0.9824015
623,632,0.9838034
623,1506,0.98667204
624,777,0.98005444
624,865,0.97318673
624,915,0.9509829
624,1272,0.8948926
624,1318,0.8803723
624,1335,0.97392106
624,1836,0.9802259
624,2134,0.94550157
624,2292,0.9165268
624,2578,0.9804886
624,2845,0.94965965
624,3153,0.95351565
625,2376,0.8520487
626,2126,0.9600004
627,755,0.92655677
627,2564,0.97003645
627,2632,0.9330404
627,2681,0.9879036
629,1460,0.9027155
629,1717,0.97226053
629,2630,0.9694928
630,1757,0.99225897
630,2319,0.981658
633,1422,0.8999996
633,1470,0.97769696
634,1162,0.9813752
634,2132,0.98522884
634,2899,0.94008076
635,2922,0.9415846
636,3258,0.888138
637,808,0.9711952
637,1620,0.9829862
637,1797,0.89634573
637,1921,0.93902814
637,1967,0.963292
637,2066,0.96957713
637,2189,0.98133224
637,2440,0.96893644
637,2562,0.9624076
637,2931,0.910892
637,2977,0.97237504
638,2218,0.971866
638,3039,0.9691254
639,1893,0.8255792
639,2753,0.83183765
640,1935,0.89559376
640,3214,0.87540424
641,825,0.8818494
641,1080,0.9292972
641,1447,0.74826646
641,2595,0.9156636
642,1000,0.9423877
642,2464,0.9661037
643,1741,0.9271558
644,2282,0.90782654
645,3315,0.87280595
648,651,0.90433395
648,1143,0.51144403
648,2574,0.84181
648,2575,0.9076365
648,2647,0.89700395
649,2495,0.9890967
649,2646,0.967805
649,2911,0.9804965
649,3046,0.9794241
649,3099,0.9809358
650,1655,0.952494
650,2505,0.8992827
652,2214,0.8480778
654,2515,0.96101195
655,687,0.9230301
655,3200,0.96840346
655,3201,0.97679836
656,2940,0.98295105
657,658,0.9559289
659,1720,0.8913815
660,1481,0.96420896
661,1096,0.9530058
661,1439,0.9762066
661,1625,0.9578091
661,1740,0.9395018
661,2264,0.9818904
661,2404,0.9825333
661,2405,0.97643745
661,2639,0.96027106
661,2640,0.9604213
661,2641,0.94560933
662,2260,0.7827064
663,2385,0.85158074
664,1026,0.9321971
664,1203,0.98140395
664,2438,0.9794847
665,2256,0.959725
666,1491,0.88702196
666,3140,0.94638413
667,760,0.9516617
667,1099,0.9604688
667,1179,0.95258737
667,1187,0.9023786
667,1243,0.84698
667,1530,0.9615697
667,1555,0.9625639
667,1707,0.9690932
667,3101,0.9050975
668,1294,0.9665865
668,2536,0.97032577
669,2492,0.9105949
670,865,0.9739686
670,924,0.9607408
670,974,0.9624051
670,1311,0.8863375
670,1472,0.9826047
670,1565,0.9325112
670,1836,0.98971665
670,2578,0.9847118
670,2771,0.8106179
670,2844,0.96552855
671,1960,0.9300275
672,1738,0.9768698
672,3133,0.95144546
673,1293,0.97892267
673,2445,0.9714433
673,3261,0.98563856
674,1865,0.9235432
675,1864,0.98434734
675,2827,0.96657383
675,2875,0.98526067
677,985,0.94948065
677,1275,0.9849763
677,2199,0.88917077
677,2443,0.98258823
677,2506,0.977458
679,1979,0.7980732
680,2089,0.9630021
681,2577,0.86173856
681,2980,0.84118104
682,881,0.98915887
682,1471,0.9899335
682,2228,0.9827905
682,2494,0.98939633
683,2558,0.9284275
685,2961,0.8517215
686,2181,0.95596164
686,2827,0.8878907
687,3200,0.9523753
688,1928,0.9892554
689,2729,0.92666715
689,3221,0.9145726
690,1613,0.98874515
690,2579,0.9654238
690,2939,0.95188105
690,2948,0.9672755
690,3007,0.97872305
691,931,0.9376583
691,968,0.96418166
691,1567,0.9773761
691,2166,0.9901376
691,2396,0.98355794
691,2417,0.95420504
691,2481,0.94655704
691,2597,0.97651434
693,2182,0.9597183
694,2965,0.92517424
695,1682,0.94054353
695,2483,0.83695203
695,2791,0.879002
695,2792,0.89161277
696,869,0.9316846
696,1236,0.8906339
696,2352,0.9131281
697,1783,0.9373011
698,1004,0.9577855
699,1347,0.96700084
700,2035,0.95858634
701,1712,0.756668
702,2928,0.9544029
703,2745,0.9679729
704,2722,0.8254054
705,2422,0.9557618
705,2577,0.9474919
706,800,0.93132895
706,2927,0.8613662
707,2028,0.9721095
708,3156,0.92850053
709,936,0.957283
709,1424,0.9223812
709,1471,0.9570109
709,1557,0.9481298
709,1987,0.9017581
709,2174,0.96966004
709,2320,0.9552332
709,2369,0.9609035
710,1159,0.9335237
711,2727,0.95437574
711,3102,0.9823791
711,3103,0.987047
712,1177,0.9409547
713,1676,0.9861127
713,2314,0.92768
713,2554,0.97819126
713,2588,0.9695414
713,2604,0.9717039
714,1083,0.9633404
715,1725,0.9813638
715,1940,0.93973935
715,2264,0.98574954
715,2404,0.9907781
715,2405,0.9931834
716,1125,0.88531804
716,1366,0.92971754
716,2329,0.92561316
717,1896,0.9779551
717,1902,0.9652356
717,2976,0.97846884
717,3311,0.94674265
718,2241,0.8543972
719,755,0.90800655
719,1190,0.9748242
721,1485,0.9255377
721,1967,0.94335806
721,2683,0.92340636
722,1334,0.9882049
722,3107,0.98183894
723,1088,0.9601222
723,2219,0.90971553
724,2293,0.94441557
725,966,0.97882056
726,2747,0.96123546
727,1682,0.9538603
729,2977,0.9767488
730,2985,0.9801222
730,2986,0.9896886
730,2987,0.97136885
731,2310,0.9897614
732,1250,0.92632157
733,1296,0.9226101
734,1651,0.9508519
734,3304,0.9297362
736,2339,0.869668
737,1460,0.8442222
738,3241,0.9672526
739,2213,0.9706004
740,742,0.992952
740,1416,0.99541163
741,3036,0.9376698
742,1380,0.9885095
743,2140,0.9691088
744,2235,0.890931
744,2466,0.94618237
744,2519,0.8584288
744,2586,0.908381
744,3275,0.85295755
745,2921,0.8068914
746,2420,0.898262
746,3028,0.8748307
746,3193,0.87661004
747,803,0.97967505
747,960,0.97300565
747,1723,0.96574795
747,2501,0.965799
748,2668,0.9515874
749,1195,0.9129559
749,1259,0.95898575
750,1065,0.94390583
751,1446,0.9769731
751,1447,0.9399093
752,1204,0.8748503
753,1947,0.9425649
754,2923,0.75918186
755,887,0.9815549
755,912,0.941601
755,1009,0.9394625
755,1013,0.9390435
755,1647,0.92073715
755,1961,0.82753384
755,2128,0.904971
755,2254,0.9533744
755,2257,0.9290827
755,2488,0.93793076
755,2585,0.939533
755,2622,0.9311168
755,2650,0.9242048
755,2663,0.87378335
755,2664,0.9385001
755,2665,0.89654446
755,2666,0.55757856
755,2667,0.9503938
756,2385,0.8409159
757,1420,0.97930497
757,2099,0.9857613
758,2960,0.93926805
759,1512,0.621728
760,1707,0.98789763
761,2375,0.96119416
762,2337,0.92245173
764,1424,0.95837176
765,2124,0.9595778
766,1037,0.94945633
767,1321,0.96408993
767,3254,0.9521602
768,2645,0.9022269
768,2964,0.9209439
769,1016,0.8944932
769,2081,0.9374585
770,1202,0.95661265
770,1591,0.9614053
770,2633,0.92559487
771,1103,0.9674696
771,1256,0.9613149
771,2646,0.927325
772,1296,0.9398931
772,1331,0.8964186
772,1546,0.9140229
773,1647,0.9722881
773,1725,0.9861787
773,2264,0.9838294
773,2626,0.9817185
774,1562,0.9569447
774,2606,0.9643998
775,1376,0.95544815
775,1422,0.82416296
776,781,0.9774075
776,1030,0.9562849
777,1691,0.9341567
777,2261,0.9474742
777,2560,0.94510406
777,2845,0.95611906
778,2252,0.95425045
778,3223,0.96597844
779,932,0.9634464
781,2375,0.9877709
781,2479,0.9783606
782,2945,0.9593637
783,2296,0.95904183
783,2835,0.97595894
783,2837,0.92364776
783,3076,0.96145624
784,1715,0.901973
784,1822,0.9443308
785,1397,0.9288288
786,2216,0.8696781
787,1413,0.8147455
788,3262,0.8656661
789,3176,0.90496516
790,1000,0.95370555
790,1545,0.97399807
790,3026,0.98808885
791,2309,0.9517126
792,1671,0.77603054
792,2160,0.9367699
792,2476,0.93613917
793,916,0.98953557
794,1041,0.8884144
794,1357,0.9708498
795,2679,0.9114639
796,930,0.9404543
796,968,0.91922927
796,2063,0.95303893
796,2119,0.91273814
796,2217,0.8781205
797,2305,0.9513048
798,1992,0.876733
799,1422,0.80855715
801,1391,0.9537065
802,1573,0.9695148
802,1854,0.9504155
803,990,0.98211706
803,3019,0.88951826
804,1776,0.9823576
805,986,0.89279646
806,1537,0.98237777
807,1214,0.95719284
807,1422,0.92484474
807,2564,0.9722447
807,2667,0.96563613
807,2782,0.95091045
808,1620,0.94987833
808,2066,0.98469085
808,2562,0.9930983
810,1913,0.9686481
811,1970,0.945546
812,1437,0.97418845
812,1789,0.9717528
812,2963,0.9717528
813,1585,0.95492274
813,1874,0.9756553
813,2770,0.96563405
813,2771,0.88462776
814,908,0.87844896
815,2339,0.80225396
816,2377,0.913633
816,2426,0.95780516
817,2616,0.92259526
818,1202,0.90945804
819,1200,0.97299665
819,1247,0.9719863
819,2316,0.97646034
819,2646,0.9677433
819,2734,0.9868074
819,3046,0.98122466
821,2591,0.9368119
822,1043,0.98674464
822,2498,0.986408
823,1909,0.9156607
825,1080,0.89767617
825,1574,0.82900333
825,2855,0.86184907
826,2712,0.912264
827,2421,0.9336636
828,1255,0.9772709
829,1082,0.95067465
829,1505,0.9620993
829,2411,0.9699288
831,3063,0.8907665
832,1779,0.9678987
835,1422,0.94310665
835,2021,0.9817265
835,2181,0.98487896
835,2782,0.96430796
835,2828,0.95302504
835,3030,0.9713733
837,3283,0.95934844
839,1357,0.9773367
839,2487,0.9497868
840,2477,0.9802341
840,2559,0.95850945
841,1459,0.9851316
842,1963,0.9685962
843,2202,0.98124886
843,2551,0.9785296
843,2579,0.9767099
844,1154,0.8148164
846,3193,0.86263335
847,1398,0.97148
847,1517,0.94154024
847,1666,0.9446536
847,1853,0.9628016
847,1875,0.9646994
847,2205,0.93331707
847,2360,0.9481331
847,2520,0.93488127
847,2592,0.93693554
847,2633,0.9392766
850,886,0.93558705
850,1605,0.9708935
850,2024,0.9390531
850,2182,0.9400466
850,2596,0.97741467
851,2863,0.76077044
852,1304,0.9679401
853,2252,0.9093069
854,1521,0.9661592
854,2620,0.93839025
855,983,0.9535248
856,1621,0.795287
856,2739,0.8337241
857,1828,0.98511416
857,2406,0.99514323
858,1803,0.88442427
859,1795,0.6867695
860,1004,0.96491534
860,2177,0.93389595
860,2497,0.96682596
860,2920,0.9765004
860,3296,0.98401755
861,1171,0.9541707
861,2178,0.9418235
863,1780,0.9500619
863,2209,0.9198543
864,904,0.97898406
864,1330,0.98034436
864,1346,0.98811483
864,2874,0.9889842
865,924,0.9659547
865,1335,0.9683362
865,1836,0.98191524
865,1999,0.9632829
865,2212,0.9587931
865,2266,0.84516674
865,2692,0.81086886
866,3239,0.9511475
867,1173,0.898501
868,897,0.8882186
869,2352,0.98216856
870,2019,0.715417
872,1665,0.9412724
873,2693,0.9718038
873,3225,0.96235555
874,2866,0.9627842
875,1131,0.9656152
875,1257,0.94821054
875,1625,0.94158065
875,1918,0.95568323
875,2797,0.9672837
876,1366,0.93933415
876,2848,0.9457078
876,3025,0.972633
877,940,0.9656674
877,1379,0.9919033
877,1672,0.9772324
877,2353,0.9785075
877,2375,0.98753893
877,2442,0.98364264
877,2467,0.96670663
878,2313,0.9454941
880,1877,0.8955064
881,2363,0.9789388
881,2364,0.95539963
882,2519,0.8066821
883,1496,0.97661185
884,1172,0.98693717
884,1992,0.77961147
884,2512,0.98088884
885,2434,0.93425184
886,1567,0.9558481
886,1796,0.83359855
886,2182,0.96662766
886,2277,0.90016997
886,2655,0.9348501
886,2768,0.83329856
886,2769,0.87943166
887,1012,0.94509864
887,1034,0.98412794
887,1112,0.9716199
887,1214,0.97944134
887,1351,0.95391333
887,1422,0.9636523
887,1943,0.9695269
887,2021,0.96399325
887,2247,0.923368
887,2282,0.8998201
887,2404,0.970564
887,2782,0.9800438
887,2839,0.88045627
887,2859,0.9263047
889,1430,0.9146974
889,2545,0.9690785
889,2799,0.9842186
890,2454,0.97215295
891,1108,0.91725254
891,2087,0.89331794
891,2471,0.9228226
893,2318,0.93329525
894,1070,0.86916304
894,1668,0.93253356
895,1012,0.95257914
895,1290,0.97396576
895,2021,0.97028434
895,2023,0.96295124
895,2782,0.9200846
896,1081,0.7825497
898,1931,0.8214458
899,2123,0.9526963
900,1072,0.92270756
901,1436,0.9820404
901,1810,0.9857168
901,3037,0.9775891
902,1201,0.98481894
902,2572,0.9899069
903,2145,0.91100585
903,2969,0.9108987
904,1699,0.98035085
904,2369,0.9723054
904,2371,0.9810067
905,1484,0.9299867
906,1903,0.90370274
906,2567,0.9325392
906,2568,0.92847574
907,1706,0.90420413
908,1569,0.89589846
908,2708,0.9013485
909,2268,0.905954
911,3060,0.9611932
912,1117,0.99382555
912,1605,0.97761166
912,1708,0.99312085
912,2416,0.99324983
912,2490,0.9732936
912,2925,0.9745703
914,1794,0.9068409
914,2136,0.87996185
915,2301,0.971383
917,1036,0.96016896
917,2176,0.95000017
917,2660,0.9282393
918,3072,0.9395388
918,3080,0.9432084
919,1425,0.9031197
920,1469,0.91588914
920,1832,0.87376636
920,2547,0.83761513
921,1280,0.97499895
921,3017,0.973356
921,3026,0.98516047
922,1087,0.90305614
922,1246,0.915974
923,1170,0.98556
923,2218,0.9371073
923,2316,0.97816974
923,2911,0.98634374
923,3018,0.97180504
923,3099,0.96688163
924,2578,0.97904986
924,2845,0.98374975
925,995,0.97456884
926,934,0.94700587
927,1135,0.9585055
927,2899,0.9144811
928,1326,0.9686389
929,2863,0.80945474
930,2196,0.9434588
930,2519,0.9275948
930,2633,0.9189068
931,1025,0.96083206
931,1117,0.97479916
931,2597,0.96918225
933,1905,0.9311439
933,1977,0.9590313
934,1616,0.9277477
934,2133,0.85383403
935,2590,0.91024363
935,3233,0.9315962
937,2377,0.95053136
937,2782,0.9332818
938,2104,0.9760657
938,3251,0.9673637
940,1155,0.9661046
941,1214,0.9484836
941,1422,0.93424475
941,2564,0.98209625
941,2667,0.93550885
941,2782,0.9595891
942,1863,0.9731046
942,2305,0.95596534
942,2343,0.97939277
943,1554,0.9729415
943,2010,0.9808212
945,3016,0.83528864
946,1584,0.98182714
946,2379,0.9826303
946,2906,0.9815267
947,1716,0.95027286
948,1114,0.9331061
949,2579,0.91067326
950,2292,0.8666347
951,1638,0.88712454
951,2656,0.8752991
951,3154,0.8058666
952,2982,0.86930513
953,1440,0.9770756
953,2298,0.9634349
953,2736,0.97280836
954,2366,0.9637561
954,3108,0.90587294
955,3144,0.97432166
956,1022,0.9874596
956,1461,0.92111814
958,2543,0.9432665
958,3035,0.9857202
959,1949,0.9793033
959,3075,0.96494883
960,2501,0.9886381
961,1405,0.9535146
962,1422,0.96350646
962,2097,0.9859648
962,2226,0.965144
962,2416,0.9880731
962,2418,0.98600286
962,2829,0.9803686
962,3073,0.9569736
963,3158,0.9589375
965,1112,0.96456265
965,1157,0.9791387
965,1301,0.96245253
965,1422,0.94016623
965,1567,0.96833116
965,1943,0.97580165
965,2166,0.96867174
965,2234,0.9791387
965,2829,0.97747535
965,3013,0.8863783
965,3014,0.9569138
967,2701,0.91675675
968,1157,0.95495653
968,1214,0.9782734
968,1422,0.977659
968,1567,0.97213626
968,1605,0.9707451
968,1625,0.9291288
968,1943,0.9767699
968,2097,0.98296183
968,2166,0.96654
968,2196,0.9500481
968,2226,0.9680309
968,2234,0.95495653
968,2564,0.97160375
968,2596,0.9650352
968,2632,0.9526021
968,2633,0.8762926
968,2774,0.97457033
968,2782,0.99143994
968,2829,0.9869235
968,2882,0.9373222
968,2967,0.9633734
968,3086,0.8854357
969,1687,0.914671
970,1949,0.9592296
971,2529,0.905228
972,1736,0.92250574
973,2778,0.9712286
974,1891,0.97685987
975,1295,0.8588173
975,2478,0.8419039
976,2434,0.9616207
977,2699,0.8913621
978,1422,0.7738147
978,1764,0.8032576
979,2458,0.7447215
980,1645,0.9498266
980,2098,0.94941163
981,2311,0.937018
982,1130,0.9420879
982,1591,0.96722007
982,1736,0.92505544
984,2046,0.6777125
985,1275,0.93947077
985,2443,0.9355756
986,2419,0.8982104
987,2006,0.6960496
988,2458,0.7461515
989,1033,0.902165
990,1207,0.969541
990,1223,0.95942944
991,1474,0.9728329
991,2557,0.9536368
992,1421,0.95642674
992,2242,0.9721201
993,2097,0.9926271
993,2427,0.87478644
993,2774,0.9878987
993,2775,0.99018484
993,2829,0.9797331
993,2925,0.9756707
994,2224,0.92000836
994,2675,0.92816997
996,3116,0.95093316
997,1035,0.9702137
997,1896,0.93959355
997,2703,0.96174514
998,1315,0.9456316
998,1515,0.96866435
998,2589,0.82327175
998,2909,0.8447839
998,3314,0.9444475
999,1754,0.96727335
999,1948,0.9769113
999,2351,0.9793034
1000,1545,0.9675551
1000,2400,0.92303085
1000,3120,0.9325155
1001,1119,0.9867327
1001,1577,0.98577243
1002,1200,0.99182224
1002,2085,0.9523004
1002,2734,0.98620355
1003,1801,0.9152984
1004,2497,0.9760174
1004,2816,0.9706148
1004,2920,0.9685243
1005,1816,0.96367633
1006,2762,0.9185631
1006,2999,0.95740116
1007,1208,0.9000136
1008,1668,0.91498864
1009,1422,0.9124191
1009,1853,0.889766
1009,2507,0.9016558
1010,1703,0.9673128
1010,2925,0.96076745
1011,1583,0.9523268
1011,1944,0.9716294
1011,2148,0.9182273
1011,2330,0.9361662
1012,1034,0.9503227
1012,1214,0.9428394
1012,1644,0.9582982
1012,2023,0.96243423
1012,2282,0.95771974
1012,2475,0.9588387
1012,2681,0.9481348
1012,2785,0.9471729
1013,1422,0.9400455
1013,1567,0.9662464
1013,1605,0.9782835
1013,1943,0.95033187
1013,2166,0.9696721
1013,2597,0.97930384
1015,1275,0.89888316
1015,1422,0.8747236
1015,2443,0.9137776
1015,2783,0.9352248
1016,1866,0.8919289
1018,1032,0.95477605
1018,2514,0.9871992
1018,3241,0.97545487
1019,1625,0.92047024
1019,1875,0.9583019
1019,2073,0.97151136
1021,1188,0.97277415
1021,2108,0.9846279
1021,2589,0.9477197
1021,3066,0.97195274
1022,1302,0.9314671
1022,1461,0.9464755
1023,1493,0.9730762
1023,2709,0.985315
1025,2490,0.95299244
1026,2158,0.955518
1026,3157,0.89420736
1027,1620,0.9283006
1027,2608,0.9531517
1028,1557,0.9850306
1028,2320,0.9838753
1028,2605,0.9843633
1029,1564,0.94134706
1030,1971,0.9848341
1030,2062,0.8854613
1030,2353,0.9821603
1030,2354,0.95985514
1030,2372,0.9674797
1031,1125,0.8963353
1031,2328,0.8200996
1031,2329,0.94263476
1032,2514,0.96284896
1032,3241,0.9485652
1033,1234,0.88475275
1033,1426,0.91078925
1033,2112,0.9740822
1033,2819,0.96023345
1034,1214,0.9843427
1034,1230,0.97790766
1034,1422,0.97124124
1034,1607,0.971484
1034,1617,0.9907319
1034,1644,0.9926098
1034,2475,0.9940789
1034,2782,0.9876955
1034,2925,0.98321444
1035,1051,0.92516035
1035,1152,0.97363365
1035,1206,0.9421574
1035,1534,0.9686606
1035,2703,0.9876331
1036,2853,0.9443957
1038,2082,0.7765418
1039,1170,0.98170215
1039,2531,0.99417377
1040,2877,0.9765013
1041,1357,0.8264574
1042,3045,0.9577447
1043,1829,0.96617234
1043,2498,0.9895717
1043,3274,0.96203685
1044,1264,0.95616007
1044,1395,0.9286823
1044,1619,0.921561
1044,1802,0.96717393
1044,2323,0.98572946
1044,2434,0.92621005
1045,1596,0.9930609
1045,3252,0.9922304
1045,3253,0.99455464
1046,2054,0.98286754
1046,2259,0.9806516
1047,3237,0.9528105
1048,1143,0.90190434
1049,2339,0.9130985
1049,2463,0.98038054
1052,1239,0.9816446
1052,2657,0.94329214
1052,2752,0.9549851
1052,3215,0.98379415
1054,1214,0.92634267
1054,1943,0.93391037
1054,2626,0.9544999
1055,2879,0.91309
1056,2593,0.97617054
1058,1366,0.8319614
1059,1337,0.93396556
1060,1979,0.78221846
1062,2232,0.98931557
1063,1675,0.99481636
1063,2543,0.94125056
1064,1202,0.9518187
1064,1853,0.9543232
1064,2527,0.9847412
1064,2633,0.9428425
1066,3036,0.91431725
1066,3203,0.9908997
1066,3204,0.9794241
1067,3021,0.87731665
1068,2899,0.8588536
1069,2503,0.82309747
1069,2504,0.8512613
1070,1625,0.7856426
1070,2399,0.8752545
1071,1422,0.90594214
1071,2128,0.9650491
1071,2822,0.948443
1071,2829,0.9489882
1072,1309,0.92094123
1072,1818,0.83773583
1073,3303,0.9295955
1074,1095,0.9685378
1075,2780,0.970525
1076,1589,0.95214576
1078,1259,0.9403841
1078,2510,0.9673681
1078,2848,0.9147495
1079,1555,0.9687088
1079,1707,0.9757872
1079,1950,0.89745545
1080,1340,0.95494795
1080,1348,0.9479219
1080,2595,0.9486895
1082,2532,0.92613506
1082,3273,0.95598125
1083,1709,0.9839332
1083,3069,0.93110585
1084,1123,0.9813021
1084,2343,0.9805337
1085,3139,0.9862298
1085,3244,0.97901106
1086,1807,0.9221814
1087,1239,0.96263015
1087,1620,0.9428015
1087,2054,0.95775723
1087,2189,0.9566076
1088,2953,0.88524383
1089,1400,0.9674872
1091,1471,0.9787841
1091,2861,0.9753076
1091,2874,0.98591673
1092,1579,0.9648684
1092,1662,0.9779988
1092,3185,0.97491837
1093,1990,0.95502055
1093,2161,0.9643283
1093,2423,0.8429254
1093,2424,0.9964663
1093,2425,0.92870665
1094,2052,0.9511093
1094,2899,0.92492986
1094,3051,0.9684834
1096,2638,0.95779276
1097,1429,0.92556006
1097,1467,0.79923326
1097,1625,0.8532753
1097,1875,0.9181857
1097,1879,0.82971287
1097,1894,0.9085912
1097,2427,0.927564
1097,2648,0.90985155
1097,2919,0.9581542
1097,2933,0.92828894
1099,1530,0.9964932
1100,1526,0.98193777
1102,1939,0.9807893
1102,2602,0.97246504
1103,1116,0.9910647
1103,2911,0.96980244
1104,2871,0.9613342
1105,1167,0.9251988
1105,1894,0.9067494
1106,2403,0.9599712
1106,2757,0.9635783
1107,2496,0.9839461
1107,2497,0.9680871
1109,1518,0.9448799
1110,1952,0.95514596
1111,1983,0.9808414
1111,2727,0.95146644
1112,1251,0.89814335
1112,1480,0.97005045
1112,1635,0.944229
1112,1644,0.9840346
1112,1647,0.95564085
1112,2475,0.97911066
1112,2522,0.95992255
1112,2626,0.98379934
1112,2820,0.9466864
1112,2927,0.96820986
1112,3014,0.9521435
1113,3211,0.96220565
1115,2891,0.9498072
1115,3042,0.82917726
1115,3228,0.93171704
1116,1836,0.9846021
1117,1422,0.95598537
1117,1567,0.9730644
1117,1605,0.9868481
1117,1708,0.9975956
1117,1943,0.96578306
1117,2166,0.9771248
1117,2596,0.9872538
1117,2637,0.9874145
1117,2925,0.9837259
1118,1194,0.88574064
1119,1577,0.9928801
1119,2552,0.9759459
1119,2749,0.9693984
1120,1659,0.98257744
1120,2654,0.98377055
1122,2396,0.9723503
1122,2991,0.9881962
1123,1733,0.96065986
1123,1855,0.984695
1123,2343,0.9887514
1125,2884,0.8180964
1126,3033,0.82639265
1127,3141,0.89771163
1128,1761,0.96852344
1129,2513,0.9703107
1129,3241,0.97068036
1130,1429,0.9347825
1130,1591,0.9393461
1130,1666,0.9109846
1130,2057,0.9139658
1130,2110,0.9598013
1130,2331,0.9158498
1130,2422,0.9391806
1130,2728,0.84140986
1131,1251,0.9495096
1131,1609,0.914303
1131,1666,0.9507601
1131,1875,0.9604342
1131,2621,0.9303616
1131,2680,0.6247728
1131,2681,0.94122624
1133,3259,0.9629831
1135,1485,0.9351368
1135,2683,0.93535566
1135,2899,0.94297457
1135,3207,0.96442735
1136,2196,0.81397045
1137,2544,0.9252044
1138,2767,0.8528535
1139,2223,0.8692839
1141,1241,0.9591068
1142,1217,0.888063
1143,1677,0.95040417
1143,2573,0.6570932
1143,3053,0.9017902
1143,3174,0.95267665
1143,3193,0.9489104
1144,1282,0.9419302
1144,1396,0.9475746
1144,1556,0.93796754
1144,2382,0.94487333
1145,1896,0.95658684
1145,2152,0.95541763
1146,1896,0.84262097
1147,1449,0.97178495
1149,1404,0.96582675
1151,1847,0.954119
1152,2414,0.9808996
1152,2703,0.9698511
1153,2968,0.7128833
1153,3078,0.9601844
1153,3079,0.9567544
1155,1379,0.98906237
1155,1672,0.9775938
1155,2353,0.98059523
1155,2375,0.9881894
1155,2442,0.98662275
1155,2467,0.9661565
1156,1738,0.97693557
1156,3133,0.95193964
1157,1281,0.98825026
1157,1422,0.92769855
1157,1943,0.96876776
1157,2829,0.9761512
1158,2813,0.95812696
1159,2086,0.92080885
1159,2754,0.91444117
1159,2755,0.92086464
1160,1432,0.9651462
1161,2714,0.8343758
1162,3010,0.9839882
1163,2348,0.97672725
1164,2344,0.8888328
1165,2041,0.9902483
1165,2462,0.9929857
1167,1493,0.97799057
1167,1894,0.98721594
1167,1901,0.95904714
1167,2711,0.86446565
1168,1814,0.9267272
1169,1209,0.81446433
1170,1225,0.97469044
1170,2531,0.9804015
1170,2726,0.86792153
1170,2819,0.9754954
1172,1363,0.9765439
1173,1720,0.91027963
1173,2794,0.9300561
1173,2796,0.91859037
1175,2958,0.8665738
1176,1821,0.9274115
1176,2226,0.9375996
1176,2435,0.9344641
1179,1707,0.98617566
1180,1366,0.9709828
1180,1600,0.95852536
1180,2329,0.87618077
1180,2580,0.99126256
1180,2581,0.986321
1180,2643,0.8390385
1180,2848,0.970365
1180,3025,0.98045594
1181,3316,0.85833645
1182,2960,0.956686
1183,1366,0.8901546
1183,1600,0.89614904
1183,2643,0.8591964
1184,2186,0.93332136
1185,2955,0.85995424
1186,1868,0.93248415
1186,2306,0.9727924
1186,3193,0.92303914
1189,1767,0.9557748
1189,2060,0.96944606
1189,3021,0.7314968
1190,2585,0.9746071
1190,2828,0.95632166
1191,3108,0.87572247
1192,2793,0.9952278
1193,1841,0.91619647
1193,1981,0.8771032
1194,2246,0.8993411
1194,3280,0.8990185
1196,1791,0.95326483
1197,1896,0.82843745
1198,1724,0.87623924
1199,1993,0.94821
1201,2572,0.9775089
1202,1570,0.9090743
1202,2356,0.9048643
1202,2527,0.96161205
1203,2438,0.9907867
1205,1212,0.9479749
1205,2830,0.9368328
1208,1767,0.9685378
1208,2060,0.96489304
1208,2877,0.95408845
1210,1531,0.9791485
1210,2612,0.98934567
1211,1585,0.9792967
1211,2779,0.9903812
1211,2780,0.98798424
1212,1473,0.9586961
1213,2325,0.8496289
1214,1219,0.9549936
1214,1230,0.96638316
1214,1290,0.9652728
1214,1480,0.95974654
1214,1644,0.9786773
1214,1724,0.96323043
1214,2023,0.9545034
1214,2053,0.91768026
1214,2230,0.9678702
1214,2398,0.9828512
1214,2444,0.95412785
1214,2475,0.9774093
1214,2585,0.95492375
1214,2649,0.92844844
1214,2650,0.94709617
1214,2782,0.98680055
1214,2784,0.9530568
1214,2786,0.9407226
1214,2824,0.85715175
1214,2826,0.9021282
1214,2860,0.8789247
1215,2923,0.74140966
1216,1801,0.8798888
1218,1868,0.942211
1218,3068,0.9326929
1219,1422,0.9276342
1219,2564,0.9726869
1219,2667,0.9626739
1219,2782,0.95219505
1220,1629,0.94102955
1220,1721,0.9566251
1220,2472,0.9385669
1220,2670,0.9299083
1220,2672,0.9278344
1220,2868,0.79637194
1221,2054,0.98502505
1222,1864,0.9879805
1222,2434,0.98131406
1222,2684,0.971523
1224,2348,0.92282224
1225,1932,0.9886761
1226,2853,0.9232732
1227,1845,0.98231196
1227,2095,0.8547492
1227,2642,0.94076264
1228,1317,0.92706203
1229,3098,0.9756068
1230,1290,0.9879743
1230,1666,0.8526211
1230,2859,0.9645677
1231,1390,0.9663734
1231,1586,0.97222155
1232,2211,0.98124176
1232,2226,0.9752681
1232,2926,0.98631316
1235,1677,0.81616604
1235,2245,0.91110945
1235,2335,0.8939009
1237,1431,0.98601973
1237,1553,0.98164487
1237,3219,0.98951405
1238,1422,0.8329451
1238,2506,0.9410342
1238,2782,0.87763274
1239,1265,0.9174334
1239,2210,0.9483517
1239,2249,0.95712817
1239,3215,0.9818467
1241,1694,0.96859956
1241,1907,0.9217116
1242,2311,0.945219
1244,2944,0.88058573
1244,3193,0.9432526
1245,2482,0.9765203
1246,2776,0.93206805
1249,2280,0.8915147
1251,1422,0.8615507
1251,1625,0.9449009
1251,1843,0.7892377
1251,1965,0.9546324
1251,2398,0.87746525
1251,2483,0.8754544
1251,2622,0.9270101
1252,3117,0.98760235
1252,3118,0.9933207
1252,3119,0.9874503
1253,1328,0.9508877
1253,1510,0.9660713
1253,1915,0.9404237
1253,2455,0.9776348
1254,2722,0.8951334
1255,2537,0.9850978
1256,2259,0.9620179
1256,3046,0.95249957
1257,2797,0.9725556
1258,1689,0.91703165
1259,2510,0.9634517
1259,2897,0.93908334
1260,1981,0.85690606
1260,2219,0.9390892
1261,2480,0.9882371
1261,2481,0.91696155
1262,2825,0.8865876
1262,2978,0.8958654
1263,2529,0.8842846
1264,2174,0.95989925
1264,2369,0.972854
1264,2984,0.97883785
1266,3273,0.960693
1268,2352,0.9059596
1271,1302,0.9812603
1271,1461,0.9331078
1271,2601,0.98163
1273,1422,0.79322374
1274,1739,0.97376615
1275,1731,0.90103734
1275,1825,0.93628633
1275,2361,0.91494215
1275,2444,0.9310267
1275,2506,0.98508465
1276,1291,0.88062465
1277,2725,0.97103655
1279,2627,0.96251786
1279,2628,0.9716884
1281,1943,0.9485411
1281,2226,0.9718639
1281,2234,0.98825026
1282,2381,0.94448483
1283,1370,0.84257174
1284,1312,0.97393477
1285,1523,0.95395553
1286,1411,0.9837419
1286,1543,0.9844769
1286,2366,0.9946799
1286,2790,0.9746401
1286,3286,0.9849572
1287,2058,0.98737097
1287,2940,0.9867387
1288,1648,0.9113344
1290,2023,0.9795741
1290,2782,0.96138024
1292,1811,0.9121855
1293,3261,0.9863464
1296,1585,0.798834
1297,2393,0.9026736
1298,2092,0.88713557
1299,2406,0.96038586
1301,2774,0.97237414
1301,2775,0.9784594
1302,1461,0.9609972
1302,2601,0.977602
1303,3047,0.9568653
1305,3021,0.87386084
1306,3180,0.97450083
1306,3181,0.9368301
1307,1865,0.9589523
1307,2112,0.9846157
1308,1769,0.9582331
1308,2680,0.9557059
1310,3125,0.9737135
1310,3221,0.9485302
1311,2316,0.8727951
1311,2607,0.8047137
1313,1462,0.98026896
1313,2709,0.98061264
1313,3246,0.97438145
1314,3094,0.96228546
1316,3015,0.88501334
1319,1603,0.97949845
1319,1770,0.9774673
1319,2237,0.98243695
1320,2159,0.98017114
1320,2629,0.98200953
1321,3229,0.95883954
1321,3230,0.97755164
1324,1410,0.9830383
1324,1449,0.9896385
1324,1562,0.9765221
1324,2816,0.973251
1324,2817,0.9586016
1326,1408,0.934458
1326,1620,0.955902
1326,2245,0.9760584
1326,2335,0.98142993
1326,2400,0.8419031
1327,2164,0.9297929
1328,3162,0.9797287
1330,1699,0.9823733
1330,2369,0.974996
1330,2371,0.9826416
1331,2142,0.9750839
1332,2777,0.8740893
1333,1879,0.95045304
1333,2594,0.97153926
1333,2711,0.8892676
1335,2578,0.98616815
1335,2612,0.97662294
1336,1681,0.9007969
1339,2758,0.9352721
1340,2855,0.920395
1341,1925,0.961179
1341,3151,0.9674292
1342,2396,0.9079148
1343,1422,0.93528855
1343,1427,0.9338214
1343,1943,0.96614444
1343,2398,0.972919
1343,2782,0.9636697
1343,2829,0.9749752
1344,2118,0.9863068
1345,1892,0.94441766
1346,2861,0.9722247
1346,2874,0.99018854
1348,1574,0.86139655
1348,2276,0.87614834
1349,1749,0.84934634
1349,2528,0.7935635
1349,3129,0.80999726
1350,1399,0.9215547
1351,1644,0.94308364
1351,2121,0.9516546
1352,1829,0.9407101
1352,2412,0.93949926
1353,2900,0.9490458
1354,2812,0.8806665
1355,2866,0.93656313
1355,2984,0.95723206
1356,1762,0.92340046
1358,2919,0.92097306
1359,2174,0.88093275
1363,1822,0.9471861
1363,2512,0.979514
1364,2184,0.94723463
1364,2240,0.9094577
1365,1504,0.9940716
1365,1933,0.97895217
1366,2088,0.8214382
1366,2580,0.9697676
1366,2581,0.96169007
1367,2947,0.9808258
1369,1981,0.9113188
1369,3071,0.9383334
1371,1962,0.7613873
1372,1841,0.903653
1373,1885,0.98132014
1373,1948,0.9829874
1374,2078,0.89713943
1377,1438,0.8608005
1378,2907,0.94463265
1379,1823,0.974569
1379,2353,0.9794319
1379,2375,0.9895351
1379,2442,0.9845286
1380,1416,0.9899721
1381,1846,0.9530146
1381,2322,0.9828257
1381,2553,0.9127828
1382,3038,0.97769374
1384,2779,0.8716002
1384,3052,0.8120445
1385,2452,0.96094453
1386,1635,0.9191439
1389,3043,0.9164473
1390,2173,0.94559765
1391,2756,0.9554504
1392,2634,0.8970082
1392,2857,0.96148753
1392,3212,0.91498214
1393,1721,0.77673244
1395,2323,0.955214
1395,2861,0.92761993
1395,2866,0.95469844
1395,2984,0.95247793
1396,2381,0.9536446
1398,1429,0.95972747
1398,2110,0.9870963
1398,2427,0.97386307
1399,1429,0.97138965
1399,1587,0.96704245
1399,1666,0.94422877
1399,2224,0.95682955
1399,2427,0.9759954
1399,2675,0.94798005
1400,1944,0.8367268
1401,1411,0.9499565
1401,2790,0.9452281
1402,2243,0.8298199
1403,1978,0.7864102
1409,2738,0.9158629
1410,1531,0.98772705
1410,2345,0.9368923
1410,2814,0.94960904
1410,2815,0.97966635
1410,3294,0.97140217
1411,1726,0.97505885
1411,2067,0.9421326
1411,2366,0.98738194
1411,2367,0.97537607
1411,2368,0.9798598
1412,3138,0.9674113
1414,1422,0.72616106
1414,2861,0.966033
1415,1668,0.87289184
1415,1835,0.82406986
1417,1758,0.915401
1417,2217,0.926229
1417,2645,0.87713015
1419,1698,0.81456435
1419,2339,0.9104408
1419,2389,0.82638943
1422,1470,0.8684693
1422,1582,0.75839674
1422,1590,0.867687
1422,1607,0.91258013
1422,1630,0.93031585
1422,1644,0.9631861
1422,1658,0.82238144
1422,1663,0.9321979
1422,1724,0.9605196
1422,1834,0.8072828
1422,2021,0.94125086
1422,2023,0.93803364
1422,2047,0.9183123
1422,2053,0.8850971
1422,2064,0.9031923
1422,2115,0.9083363
1422,2116,0.9322785
1422,2139,0.80298746
1422,2181,0.92961395
1422,2230,0.9380661
1422,2234,0.92769855
1422,2244,0.8635643
1422,2254,0.91499126
1422,2257,0.9195528
1422,2396,0.9737289
1422,2398,0.9700798
1422,2435,0.9510731
1422,2444,0.92323107
1422,2475,0.96149933
1422,2490,0.9137984
1422,2585,0.9400553
1422,2622,0.94649434
1422,2649,0.8950285
1422,2650,0.9319238
1422,2651,0.9188066
1422,2663,0.8269438
1422,2664,0.9185164
1422,2668,0.92831504
1422,2681,0.9183101
1422,2783,0.91426075
1422,2784,0.9304315
1422,2785,0.8922994
1422,2820,0.9128353
1422,2821,0.916749
1422,2822,0.8393396
1422,2823,0.80599374
1422,2824,0.82922125
1422,2825,0.8406306
1422,2826,0.8810439
1422,2827,0.74322224
1422,2828,0.92840624
1422,2829,0.9780178
1422,2830,0.917899
1423,2059,0.9443189
1426,3153,0.9634963
1427,2925,0.91009533
1428,1884,0.9575475
1428,3037,0.9292674
1429,1625,0.9549821
1429,1759,0.9240999
1429,1853,0.9509553
1429,1989,0.95362896
1429,2110,0.9717003
1429,2147,0.89489394
1429,2331,0.93897027
1429,2420,0.7209719
1429,2421,0.95359534
1429,2422,0.9617213
1429,2520,0.9200716
1430,1973,0.9654653
1433,3064,0.9401692
1433,3065,0.9274144
1435,1854,0.9408694
1435,2729,0.9271066
1435,2730,0.98022735
1435,2898,0.9288827
1436,1810,0.98376715
1437,2259,0.96173024
1439,2626,0.9813504
1439,2638,0.97816396
1440,2124,0.9604113
1440,2736,0.97691375
1440,3034,0.9613086
1441,1762,0.94623286
1441,2603,0.9912515
1441,2669,0.9829875
1442,2437,0.9102811
1443,2013,0.96014655
1445,2020,0.9590403
1445,2401,0.9034436
1446,1574,0.9214108
1447,2560,0.9503377
1447,2811,0.80847263
1448,1971,0.9599781
1448,2353,0.96767455
1448,2738,0.94706625
1449,2606,0.9855994
1450,1505,0.9439613
1451,3308,0.92210305
1453,1625,0.78574157
1453,1875,0.7980083
1455,2734,0.9859346
1456,2188,0.97671205
1456,2694,0.9797662
1457,2156,0.87988955
1457,2644,0.9254606
1457,2955,0.9786501
1457,2956,0.95205534
1458,2972,0.93690234
1461,2215,0.9437997
1461,2601,0.92080677
1461,2918,0.9353651
1462,2039,0.9199095
1462,3246,0.95069903
1463,2704,0.92891526
1464,1551,0.88402903
1465,2832,0.89961684
1468,1867,0.9738022
1468,2350,0.9696357
1469,2163,0.91657424
1471,2494,0.99413013
1471,2861,0.988635
1471,2954,0.9762608
1471,3128,0.96320087
1472,1813,0.9834505
1472,2210,0.9737115
1472,2646,0.9660633
1472,3046,0.97156847
1473,2964,0.93773836
1475,3264,0.90709794
1476,2655,0.8765987
1480,2715,0.9407393
1480,2782,0.96113944
1483,1795,0.8238254
1483,1821,0.8977714
1484,1920,0.9157785
1484,2063,0.9768016
1484,2113,0.9849544
1484,2912,0.96401936
1486,1864,0.9408864
1487,1491,0.9211032
1487,2138,0.9125272
1489,1805,0.9148526
1490,2033,0.93933034
1491,1767,0.89203215
1491,2060,0.898909
1492,1625,0.8637016
1492,2565,0.94762325
1493,1894,0.9782957
1493,2187,0.9691091
1493,2712,0.928579
1494,2239,0.9685593
1495,1929,0.935719
1497,2336,0.93459594
1499,3135,0.9115226
1502,2201,0.9879336
1503,1674,0.98945636
1504,1933,0.9790753
1505,2411,0.97046757
1505,3273,0.9680248
1507,3001,0.9497577
1509,3056,0.9175515
1511,2502,0.97130585
1513,2300,0.81564736
1515,2050,0.935272
1517,1580,0.9647031
1517,1875,0.94907594
1517,2183,0.92198396
1517,2361,0.9324215
1517,2362,0.9564991
1518,2267,0.96017236
1519,3226,0.94955814
1522,2245,0.979246
1522,2335,0.9852066
1523,3169,0.984259
1523,3170,0.95369965
1523,3171,0.98310137
1523,3172,0.9893251
1524,3032,0.9759401
1524,3064,0.93828785
1529,1925,0.962845
1529,3199,0.9591054
1532,1915,0.87875307
1533,2927,0.9237957
1534,1896,0.95485616
1534,2703,0.969587
1535,1763,0.8423546
1536,2220,0.99620354
1536,2452,0.9929315
1539,2653,0.8906003
1540,2363,0.86660284
1541,3100,0.8514693
1542,2420,0.87608314
1542,2558,0.9098618
1543,2067,0.97269404
1543,2732,0.9822624
1544,2895,0.97033
1545,2400,0.9038893
1545,3026,0.9596422
1547,2432,0.9785358
1548,2271,0.974095
1548,3268,0.9875127
1550,2036,0.8346625
1551,1704,0.99119335
1551,2269,0.9850694
1551,2332,0.9739214
1551,3274,0.95096976
1554,3044,0.9713994
1555,2015,0.9755795
1555,2469,0.98068035
1557,2321,0.97639775
1557,2322,0.9885499
1557,3227,0.98524487
1558,2331,0.9116554
1559,1593,0.9107949
1560,1705,0.9846587
1560,2559,0.9437115
1561,2228,0.8463854
1563,3062,0.97066677
1567,1708,0.97505933
1567,2182,0.9566127
1567,2204,0.94718564
1567,2416,0.97866017
1567,2418,0.9773425
1567,2637,0.9570944
1567,2655,0.8942745
1567,2925,0.98086876
1568,2485,0.9709892
1568,2680,0.9394773
1568,2766,0.9483649
1568,2767,0.9316451
1569,2708,0.94394207
1570,2356,0.97126704
1571,2055,0.9512605
1571,3117,0.9863382
1571,3118,0.98332953
1571,3119,0.9738875
1572,3049,0.95973736
1575,1944,0.9496106
1575,2478,0.9618149
1575,2919,0.94281685
1576,2174,0.84684944
1577,1882,0.9604765
1577,2552,0.9731463
1580,1640,0.9565866
1580,2183,0.9465945
1580,2360,0.95538145
1580,2361,0.967732
1580,2362,0.9740274
1580,2506,0.9089044
1580,2880,0.9665753
1581,3242,0.96368563
1582,2032,0.98063385
1582,2299,0.90888023
1583,1843,0.9428483
1583,2387,0.9157015
1583,2584,0.95424044
1583,3080,0.95583224
1584,2379,0.9936689
1584,2380,0.8751581
1585,1874,0.95269024
1585,2020,0.9620935
1585,2462,0.9794444
1585,2770,0.9100348
1585,2771,0.780063
1585,2779,0.9720124
1586,3241,0.9874166
1587,1625,0.92692685
1587,1989,0.9516961
1587,2110,0.9694717
1587,2147,0.9121343
1587,2331,0.94728804
1587,2420,0.77565485
1587,2421,0.9571067
1587,2422,0.97018564
1587,2919,0.9064756
1588,2468,0.8654138
1589,2453,0.9871161
1589,3272,0.97308993
1590,1943,0.9064245
1591,1665,0.92630345
1591,2293,0.9614322
1591,2622,0.93130475
1595,2945,0.9511409
1596,3252,0.99078256
1596,3253,0.9879376
1598,2285,0.9480791
1599,2116,0.96374387
1600,2848,0.9374053
1600,3025,0.96713936
1601,2700,0.931648
1603,2867,0.9831304
1604,3104,0.8202679
1605,1708,0.985104
1605,1943,0.94441915
1605,2415,0.957289
1605,2416,0.9774545
1605,2418,0.97116435
1605,2637,0.9739671
1605,2925,0.97023314
1606,2691,0.9039978
1607,2475,0.97161204
1608,2192,0.9719969
1609,1625,0.8616215
1609,1877,0.9178158
1610,1733,0.96059453
1610,1744,0.9698893
1610,3022,0.96294564
1611,2071,0.9226335
1612,2307,0.9375944
1613,2058,0.98374563
1613,2727,0.9563817
1614,1975,0.9730979
1615,2646,0.8993468
1616,1752,0.8842583
1617,1724,0.96105087
1617,2211,0.9684332
1617,2475,0.9871376
1617,2926,0.9839227
1617,2927,0.977386
1617,3014,0.9643685
1618,1864,0.93821216
1619,2323,0.9338309
1620,1771,0.9463705
1620,1817,0.8681991
1620,1826,0.8823658
1620,2245,0.9431454
1620,2335,0.9508327
1620,2440,0.9742166
1620,2562,0.9370017
1620,2631,0.9715551
1620,2636,0.81984574
1620,2721,0.9605521
1620,2977,0.97543895
1620,3026,0.9574636
1623,1627,0.96862113
1623,1938,0.98966926
1624,3037,0.95037585
1624,3038,0.95362544
1625,1666,0.95567477
1625,1759,0.959586
1625,1821,0.8869026
1625,1875,0.96739185
1625,1965,0.9381725
1625,2224,0.9560429
1625,2429,0.8969506
1625,2621,0.89551723
1625,2632,0.96214736
1625,2638,0.9530932
1625,2680,0.54364115
1625,2681,0.90692675
1625,2886,0.8996768
1626,1897,0.9223587
1626,2856,0.91188616
1627,1938,0.9707738
1628,2155,0.961615
1629,2473,0.8983463
1630,2621,0.98552024
1633,2622,0.8366284
1634,2208,0.981164
1634,2861,0.97750735
1634,2866,0.95094097
1636,1876,0.93407214
1640,1923,0.98498
1640,2183,0.94753593
1642,2474,0.88675743
1643,3325,0.7586553
1644,2021,0.98861396
1644,2247,0.94228125
1644,2404,0.98278165
1644,2782,0.98138744
1646,1898,0.8276255
1647,2626,0.97633624
1648,2266,0.84839135
1649,1805,0.9586872
1650,2888,0.9468448
1651,3304,0.97696793
1652,2733,0.86958206
1653,1714,0.92063856
1654,2312,0.8886038
1655,2000,0.8848144
1655,2331,0.93053985
1655,2506,0.8454009
1655,3209,0.86796045
1657,2868,0.9158489
1661,2272,0.91112804
1662,3185,0.9577617
1663,2396,0.9601466
1664,3092,0.92106
1664,3297,0.91811013
1665,1670,0.9543321
1665,2633,0.95778584
1666,1989,0.93525
1666,2110,0.9549817
1666,2427,0.9551015
1666,2435,0.8946266
1667,2603,0.9794808
1667,3286,0.96116495
1668,2399,0.9360026
1670,3256,0.8761897
1671,2400,0.7026534
1672,1971,0.9783304
1672,2353,0.9822052
1673,3112,0.7770132
1675,2543,0.951875
1676,2554,0.9803698
1676,2588,0.9488644
1676,2604,0.96989584
1677,1737,0.9139309
1678,2316,0.9360176
1678,2631,0.9431039
1679,3295,0.93163824
1683,1836,0.9912979
1683,2220,0.9891571
1683,2448,0.9709975
1683,2449,0.9242373
1683,2450,0.98513055
1683,2451,0.9692926
1683,2452,0.98601645
1685,3133,0.91012025
1687,1992,0.7812526
1687,3220,0.9546537
1688,1914,0.90331125
1690,2221,0.8964225
1694,2486,0.96432316
1695,2037,0.99276423
1695,3090,0.9523475
1696,1760,0.98112893
1696,3114,0.9965782
1698,1705,0.91955936
1698,2466,0.83127093
1698,2586,0.89598924
1699,2369,0.98480576
1702,1711,0.8942101
1702,1774,0.94827014
1704,2269,0.9921353
1704,2332,0.9761994
1705,2114,0.97567374
1705,2559,0.9491123
1706,2270,0.940293
1708,1943,0.9682943
1708,2416,0.9928017
1708,2418,0.9901543
1708,2596,0.98416805
1708,2637,0.9828059
1708,2925,0.98769957
1709,2948,0.9800517
1710,2112,0.96136475
1710,2215,0.9697429
1710,2918,0.9524534
1711,1774,0.9703666
1714,1869,0.9446258
1717,2630,0.99118173
1718,2433,0.9573499
1718,2703,0.97635144
1718,2705,0.99300885
1719,2589,0.91012144
1721,1959,0.9313613
1721,2473,0.9261762
1721,2670,0.96020824
1721,2672,0.95464766
1722,2970,0.9757954
1724,1958,0.94063413
1724,2253,0.91081357
1724,2542,0.91349196
1725,2264,0.97432417
1725,2404,0.98034906
1725,2868,0.92451847
1726,2368,0.9868357
1726,2790,0.96498436
1727,1865,0.93793195
1728,3193,0.93487895
1729,2345,0.8144931
1730,2516,0.9457189
1730,2795,0.91945815
1731,1943,0.94290197
1731,2230,0.95595384
1731,2443,0.9197904
1731,2774,0.9769777
1732,2033,0.8300246
1733,3305,0.8725403
1733,3306,0.8725403
1734,2013,0.9609184
1737,2243,0.8295304
1740,2638,0.9444727
1742,2458,0.6765685
1743,2033,0.9470756
1746,1981,0.9023205
1746,2339,0.91531414
1746,3071,0.94989
1747,2121,0.9773711
1747,2390,0.97075534
1750,3321,0.9075655
1751,2319,0.9825419
1755,2363,0.9643911
1757,2319,0.9909979
1757,3030,0.98656523
1758,2217,0.91197705
1758,2253,0.9199655
1758,2527,0.9606856
1759,1918,0.9250104
1759,2621,0.9201436
1759,2622,0.90164465
1759,2633,0.97447217
1760,3114,0.9818969
1761,2429,0.93741226
1761,2565,0.98010117
1766,1991,0.9122132
1766,3183,0.9631115
1767,2168,0.94465345
1768,1964,0.9537773
1768,2745,0.8614255
1768,3274,0.8533094
1769,2767,0.92875844
1770,2867,0.9846932
1771,1778,0.9803908
1772,1822,0.95143807
1772,1890,0.9163623
1772,2067,0.9640367
1772,2222,0.995833
1775,1873,0.9375029
1777,2224,0.8890417
1778,3257,0.97961044
1779,2974,0.9838418
1781,2659,0.8779844
1782,2458,0.7191827
1784,2231,0.9800826
1784,3205,0.9581214
1785,2346,0.92904866
1787,2209,0.91308284
1788,2251,0.9786867
1791,2055,0.9610913
1791,2819,0.9731681
1792,3265,0.96839374
1795,1821,0.757916
1798,2526,0.94444937
1799,1811,0.8968927
1800,2847,0.92777514
1802,2174,0.9127273
1802,2323,0.9600564
1804,2458,0.782982
1806,2804,0.9588039
1806,2865,0.9741063
1808,2202,0.9827801
1808,3011,0.971948
1808,3249,0.98847294
1809,3249,0.98104167
1810,3037,0.9665942
1811,1879,0.95786977
1811,2091,0.8937443
1811,2102,0.9000255
1811,3198,0.8674203
1812,2328,0.9551852
1813,2184,0.9702189
1813,3294,0.9806281
1814,2143,0.92246544
1815,2885,0.79809225
1818,1992,0.7913679
1818,2030,0.8068627
1820,1954,0.9664674
1821,2200,0.93735975
1822,1903,0.8763377
1822,2180,0.91258216
1822,2222,0.95750535
1822,3006,0.9211663
1822,3107,0.97261906
1822,3194,0.8245145
1822,3220,0.8844247
1822,3271,0.8782277
1823,3045,0.98707545
1824,1883,0.95150685
1825,2443,0.94122803
1827,3204,0.9279762
1828,2077,0.95942307
1828,2406,0.98154753
1829,2035,0.9648843
1831,2264,0.97501934
1831,2377,0.9629145
1831,2626,0.9776646
1832,2163,0.87552744
1835,2063,0.94545394
1835,2113,0.94022864
1835,2122,0.94662577
1836,2447,0.98520243
1836,2578,0.99328
1837,2811,0.8566927
1838,2187,0.98300815
1840,2348,0.97104335
1840,2349,0.99632823
1842,2646,0.9302373
1844,2460,0.7247742
1845,2746,0.9693346
1846,3247,0.906261
1847,1907,0.95066607
1847,2731,0.9284646
1848,2401,0.8902546
1849,2400,0.8255411
1850,1933,0.9406618
1851,3125,0.97541165
1852,2018,0.9107389
1853,2488,0.95996547
1853,2527,0.97582483
1855,2343,0.9755249
1856,2979,0.92133486
1858,2031,0.985487
1858,2543,0.94836026
1858,3035,0.99015546
1859,2221,0.89430976
1860,2092,0.8947819
1861,2530,0.9806796
1862,2582,0.9721086
1863,2368,0.9808656
1864,2509,0.9904444
1865,2283,0.83370066
1865,3046,0.97042775
1866,2081,0.9347784
1867,2351,0.9792669
1867,2357,0.98420215
1867,2358,0.97928303
1868,2729,0.95261663
1868,3068,0.9753303
1870,2945,0.9444696
1871,2478,0.97472095
1872,2655,0.8698392
1875,1989,0.94212484
1875,2205,0.9462062
1875,2360,0.9555601
1875,2399,0.6553265
1875,2426,0.95837724
1875,2427,0.97483706
1875,2428,0.6894456
1877,1973,0.9449749
1877,2196,0.9477284
1877,2401,0.7304618
1878,2446,0.95326406
1878,2936,0.9707935
1879,1956,0.9227667
1879,1986,0.95498765
1879,2205,0.93358845
1880,3150,0.8214342
1883,2678,0.97380114
1887,2232,0.97569126
1887,2233,0.96880907
1887,2357,0.9704485
1887,2358,0.9882172
1887,2431,0.94967717
1888,2093,0.8499755
1889,2516,0.9720896
1889,2751,0.9753441
1890,2222,0.9311827
1890,2628,0.88878554
1890,2884,0.8318821
1891,3046,0.92307764
1894,2052,0.75567204
1894,2584,0.97881484
1894,2648,0.93379766
1894,2710,0.9374883
1894,2711,0.8397433
1895,2383,0.8579863
1896,2048,0.90615714
1896,2170,0.88596314
1896,2702,0.89796865
1896,2703,0.9740335
1896,2704,0.9319674
1896,2705,0.964863
1896,2706,0.9636133
1896,2707,0.86315715
1896,2708,0.9045695
1899,2798,0.91293323
1900,3111,0.9760895
1901,2648,0.95523316
1902,2703,0.95620275
1902,2976,0.97812235
1903,2420,0.80317914
1903,2493,0.8579341
1904,2666,0.9147209
1906,2127,0.8826869
1906,3155,0.9266005
1907,2005,0.9581912
1907,3125,0.9828248
1907,3232,0.95117915
1908,3301,0.97155255
1908,3302,0.98977876
1910,2925,0.8843541
1910,3129,0.8562324
1912,2080,0.91138685
1915,2302,0.9211441
1916,2351,0.9765208
1917,2339,0.85802996
1917,3282,0.9169095
1918,1995,0.9492382
1918,2444,0.98288286
1918,2649,0.9459369
1918,2650,0.95514804
1918,2797,0.9582275
1919,2259,0.9368714
1921,2316,0.91427165
1923,2183,0.9448123
1924,3147,0.9496472
1926,2945,0.9585336
1927,2550,0.971079
1928,2326,0.9594304
1932,2447,0.9670689
1932,3046,0.9568538
1933,2539,0.9768188
1933,3008,0.94070816
1934,2265,0.95902604
1936,2974,0.91931987
1937,2069,0.84647155
1939,2447,0.96458066
1940,2404,0.91640556
1940,2405,0.92487705
1941,2998,0.94726634
1943,2226,0.98070216
1943,2234,0.96876776
1943,2396,0.9912003
1943,2398,0.98139536
1943,2416,0.9743676
1943,2418,0.97396433
1943,2775,0.95984256
1943,2823,0.86882377
1944,2534,0.89651847
1944,2535,0.82458043
1946,2899,0.8463855
1948,2350,0.9875594
1949,3075,0.9571034
1949,3208,0.9662608
1951,2988,0.9859253
1953,2041,0.95694053
1953,2848,0.91408867
1955,3097,0.93159044
1956,1965,0.95196927
1956,2759,0.9292422
1956,2964,0.96073735
1957,2171,0.88677573
1962,3031,0.8095946
1965,2488,0.9696064
1965,2886,0.9440755
1965,2964,0.91819227
1967,2066,0.97673345
1967,2312,0.85986495
1967,2672,0.7870064
1969,3307,0.86647785
1970,2836,0.9622172
1970,2909,0.9155531
1971,2062,0.9028927
1971,2354,0.94962037
1971,2373,0.9371567
1971,2479,0.96593285
1972,3245,0.8984946
1973,2799,0.9279039
1974,3313,0.9324497
1976,2827,0.94321215
1979,2800,0.80282795
1980,2655,0.8684635
1981,2340,0.90607095
1981,3020,0.8665522
1981,3071,0.92654175
1981,3312,0.8487047
1983,3152,0.9285228
1984,2989,0.8409053
1985,2909,0.87387836
1986,2594,0.96761763
1986,2711,0.89455014
1987,2174,0.8946326
1988,2408,0.8674891
1989,2426,0.9788438
1989,2427,0.9699143
1989,3027,0.965245
1990,2161,0.9645548
1990,2424,0.9600726
1992,2347,0.86288273
1992,2819,0.942441
1992,3139,0.91116285
1995,2089,0.9308021
1996,2880,0.97893614
1997,2107,0.9503319
1997,2264,0.88726795
1999,2212,0.9852339
1999,2578,0.98116624
2000,2635,0.84084827
2002,2398,0.8878558
2004,3143,0.9430576
2005,2713,0.94800174
2005,2731,0.98126376
2007,3269,0.9681156
2007,3270,0.96040154
2008,2818,0.9385008
2010,3044,0.97853166
2011,2076,0.9553228
2012,2746,0.95545787
2014,2172,0.9250811
2014,3088,0.9310344
2016,2569,0.9172296
2017,2174,0.9477707
2017,2410,0.9750607
2020,2510,0.961643
2021,2023,0.9801172
2021,2651,0.9314168
2022,2273,0.97671217
2022,3071,0.85512626
2022,3312,0.98129874
2023,2282,0.92778134
2023,2782,0.96508336
2025,2977,0.9910366
2026,3279,0.9811221
2027,2781,0.8285476
2028,2721,0.98128146
2029,3205,0.93690443
2031,3035,0.9839957
2032,2299,0.9017769
2033,2474,0.9590227
2037,3090,0.967588
2038,2907,0.94480026
2040,2957,0.87990326
2041,2462,0.99071455
2041,3224,0.9869112
2042,2303,0.9518883
2044,2518,0.9446468
2045,2783,0.93079686
2047,2991,0.9898218
2048,2710,0.95686454
2050,2587,0.90378296
2050,3304,0.9375634
2051,2465,0.96954155
2052,2900,0.9462365
2056,3243,0.9202885
2058,2727,0.9561366
2062,2378,0.74365735
2062,3160,0.8147079
2063,2113,0.9885355
2063,2196,0.97087777
2063,2912,0.9638152
2064,2396,0.9556737
2065,2686,0.96979415
2065,3206,0.9499718
2066,2189,0.9689615
2066,2562,0.9792397
2067,2222,0.966459
2067,2499,0.6823263
2067,2732,0.98051614
2067,2733,0.9146879
2067,2790,0.9368864
2070,2736,0.9594703
2072,2943,0.9463855
2073,2592,0.97690666
2075,3077,0.78491485
2080,2346,0.89532995
2080,2661,0.84524405
2080,2662,0.8945875
2082,2957,0.6273024
2083,2106,0.92064923
2084,2197,0.94038147
2089,2217,0.90170085
2090,2949,0.9568602
2092,2436,0.9276574
2092,2722,0.93166727
2092,3222,0.8682288
2094,2974,0.9498288
2094,2975,0.96956265
2095,2245,0.8312733
2095,2335,0.8231985
2096,2958,0.921329
2097,2435,0.976792
2097,2564,0.98966336
2097,2774,0.9895215
2097,2829,0.9913528
2097,2925,0.9893431
2101,2229,0.9806485
2104,3276,0.9806898
2107,2398,0.85654944
2109,2906,0.974179
2113,2912,0.97667736
2114,2559,0.9516078
2115,2782,0.93983305
2115,2967,0.98198104
2117,2892,0.8943068
2119,2196,0.88798505
2120,3009,0.9389503
2121,2390,0.97402817
2122,2399,0.8922537
2125,2821,0.9604324
2127,2841,0.85688215
2128,2667,0.97191644
2128,2822,0.97854435
2130,2478,0.95850664
2132,2275,0.9847759
2132,2631,0.98744696
2132,2899,0.9314046
2134,2911,0.9526261
2135,3113,0.9492723
2136,2505,0.9055033
2140,2548,0.98312294
2141,2854,0.99657667
2142,2971,0.97400606
2144,2250,0.96649617
2146,2500,0.8155577
2147,2421,0.95356464
2149,2789,0.929098
2151,2717,0.93596333
2153,2345,0.9354268
2153,3202,0.9516665
2153,3294,0.9834036
2154,2993,0.97633153
2154,3215,0.9822521
2155,3188,0.97973084
2159,2894,0.9853879
2159,2895,0.9860381
2160,2476,0.93842983
2161,2424,0.97153926
2162,2622,0.86995125
2163,2547,0.83814335
2165,2561,0.80587965
2166,2204,0.9644935
2166,2416,0.9882774
2166,2418,0.9886945
2166,2637,0.9689867
2167,3131,0.84641373
2169,3276,0.9641781
2170,2703,0.9090416
2174,2413,0.9263908
2174,2439,0.92595506
2174,2509,0.9604168
2174,2861,0.9788055
2174,3138,0.93756557
2175,2307,0.93921167
2176,2853,0.95069385
2178,3240,0.97257125
2180,3107,0.9456917
2181,2828,0.9602779
2183,2311,0.94262666
2183,2361,0.958555
2185,2206,0.88830847
2185,2282,0.9166797
2185,3149,0.7842136
2185,3150,0.8158665
2189,2740,0.93146574
2189,2776,0.91779864
2189,2921,0.9491866
2189,3017,0.97035766
2189,3215,0.9713836
2190,2207,0.90218115
2193,2742,0.92043173
2195,2566,0.9594539
2196,2217,0.8924296
2196,2507,0.9748225
2196,2519,0.90248877
2196,3266,0.8711365
2200,2435,0.91740257
2202,2524,0.9897167
2204,2596,0.9644195
2206,2868,0.9298347
2207,2532,0.9186708
2208,3128,0.9541869
2209,2554,0.95978576
2209,2555,0.96535915
2209,2604,0.96417075
2210,3153,0.9798511
2212,2578,0.9783882
2214,3290,0.8358855
2217,2519,0.8779647
2217,2633,0.9113877
2217,2645,0.854251
2219,2339,0.7555015
2220,2447,0.98268574
2224,2675,0.98013544
2224,2676,0.90396565
2226,2361,0.95775366
2226,2435,0.98579323
2227,3080,0.86796784
2228,2363,0.9809335
2228,2364,0.9327638
2230,2622,0.93947226
2230,2782,0.96297115
2230,2784,0.97656876
2230,2860,0.93119794
2233,2372,0.95654815
2234,2829,0.9761512
2237,2867,0.9872951
2237,3269,0.9790453
2239,2632,0.9616476
2244,2868,0.9327676
2248,2285,0.9281329
2250,2399,0.8694837
2251,3295,0.9606601
2252,3231,0.8875019
2252,3232,0.95581996
2254,3093,0.9596466
2255,2486,0.94294167
2255,3221,0.921615
2257,2596,0.9604382
2257,2829,0.9597
2257,2925,0.9606725
2259,2278,0.96450865
2259,2450,0.97441685
2262,3295,0.9587047
2263,2408,0.84964925
2264,2638,0.9851505
2264,2942,0.6960758
2269,2332,0.9641007
2269,3274,0.9514016
2271,3268,0.98411286
2275,2899,0.9216278
2277,2655,0.9482007
2278,2646,0.940962
2278,3046,0.95172685
2281,2651,0.932731
2282,2829,0.9050115
2284,2297,0.99432063
2286,2965,0.8890392
2288,2541,0.96782243
2289,2907,0.94431806
2291,2828,0.8543876
2292,2913,0.89034283
2292,2950,0.9139738
2296,2646,0.9128485
2304,2528,0.8110806
2306,3156,0.95382744
2308,2341,0.9738419
2308,2698,0.9744549
2309,2334,0.95956403
2309,3167,0.953997
2309,3168,0.9279735
2311,2361,0.94776064
2311,2880,0.967462
2312,2401,0.7263175
2314,2339,0.9066813
2314,2588,0.9231592
2314,2739,0.8554259
2316,2383,0.72045124
2316,2547,0.85014343
2316,2673,0.9379472
2320,2321,0.9782424
2320,2322,0.99043405
2320,3227,0.98228085
2323,2434,0.91399443
2324,2506,0.8837063
2329,2613,0.97034144
2329,2614,0.95450664
2329,2682,0.74588203
2331,2427,0.9526775
2333,2334,0.9338434
2334,2538,0.78383756
2337,2430,0.9241926
2338,2339,0.82711613
2338,2340,0.9583908
2339,2463,0.9211273
2339,3071,0.8783696
2339,3282,0.91074187
2341,2342,0.9804636
2342,2878,0.95458794
2342,3045,0.98298347
2345,2346,0.92674327
2345,2347,0.8827834
2348,2349,0.9751367
2348,3040,0.93789995
2348,3041,0.9375067
2350,2351,0.9857831
2351,2372,0.9819615
2352,2407,0.85825586
2353,2354,0.95049447
2355,2356,0.94547236
2357,2358,0.9825157
2358,2431,0.9632788
2358,2652,0.97844136
2360,2361,0.924804
2360,2362,0.958107
2361,2443,0.9223339
2361,2506,0.9054004
2361,2880,0.9512552
2362,2506,0.9238024
2363,3164,0.90541875
2365,3163,0.9013554
2366,2790,0.979345
2366,3286,0.98786294
2367,2541,0.9890882
2367,2549,0.9886566
2367,2790,0.96514684
2367,3152,0.945068
2368,2790,0.96949023
2368,2943,0.9698444
2369,2370,0.90785325
2369,2371,0.98406947
2371,2874,0.99144655
2372,2373,0.9238998
2372,2374,0.9184511
2372,2375,0.98353744
2379,2380,0.86680293
2380,2402,0.850989
2380,2534,0.8459482
2381,2382,0.9507179
2385,2386,0.86909103
2385,2893,0.91452825
2388,2389,0.90298223
2392,2393,0.9699009
2394,2395,0.9028386
2395,2460,0.87237996
2396,2397,0.9327068
2396,2398,0.9889581
2398,2829,0.9901068
2398,2925,0.9860614
2399,2861,0.8247188
2400,3089,0.8410428
2401,2924,0.9013141
2401,2959,0.91801345
2404,2638,0.98846257
2404,2919,0.6614309
2405,2638,0.9828804
2411,3273,0.9792132
2414,2704,0.96578836
2415,2597,0.96464866
2416,2490,0.97474456
2416,2597,0.9893247
2417,2597,0.9571147
2417,2637,0.9698284
2418,2490,0.9747218
2418,2597,0.9851471
2420,2558,0.89165497
2422,2427,0.9748367
2422,2655,0.92161566
2423,2424,0.84398454
2424,2425,0.9256584
2425,3011,0.8765046
2426,3027,0.9606834
2427,3028,0.8354457
2429,2565,0.9434986
2434,2654,0.97718865
2435,2488,0.97776645
2435,2564,0.9724771
2435,2882,0.94273424
2435,3074,0.8894218
2440,2441,0.9484472
2442,2687,0.9833104
2443,2444,0.9418468
2443,2506,0.98323226
2444,2649,0.9746361
2444,2650,0.9802298
2445,2955,0.9399663
2445,2957,0.92560494
2447,2448,0.9565168
2447,2449,0.92527866
2447,2450,0.9792859
2447,2451,0.94768244
2447,2452,0.98580784
2450,2646,0.9528595
2453,3156,0.9735935
2455,2861,0.9710356
2455,2866,0.97354007
2456,2457,0.895119
2458,2459,0.7270655
2458,2460,0.8231695
2458,2461,0.76231337
2460,3142,0.8114623
2462,3224,0.994701
2464,3120,0.97331506
2469,2470,0.97159725
2472,2473,0.9414505
2473,2670,0.88631344
2473,2672,0.88865244
2473,2868,0.7990056
2475,2782,0.9824154
2475,2829,0.98824716
2475,2925,0.9816478
2477,2559,0.94957376
2478,2919,0.9638567
2480,2481,0.9165497
2481,2596,0.9584414
2481,2597,0.9425194
2485,2767,0.9348555
2487,2488,0.9520012
2487,2489,0.87564045
2491,2492,0.8300036
2492,2733,0.95510757
2492,3249,0.94316685
2494,2861,0.98812217
2494,2954,0.9787184
2494,3128,0.9644129
2495,2646,0.9464231
2495,3046,0.95256734
2497,3288,0.95149374
2497,3296,0.9491401
2498,3274,0.9534345
2506,2507,0.81728935
2507,2520,0.906737
2507,2598,0.94682014
2507,2883,0.92847806
2509,2510,0.9730779
2509,2511,0.9779341
2509,2875,0.9856073
2513,2514,0.9629032
2514,3241,0.981598
2515,2911,0.9437846
2516,2517,0.96957684
2517,2751,0.9753213
2519,2718,0.91547775
2519,2719,0.9001719
2519,2720,0.95483434
2522,2523,0.9884013
2524,3249,0.9759785
2527,2633,0.95662916
2534,2837,0.89394903
2538,2642,0.78701234
2541,3152,0.94525325
2545,2799,0.96637785
2548,2549,0.9900114
2549,3152,0.9485915
2550,2551,0.9713899
2551,2579,0.9564878
2554,2555,0.94672734
2555,2604,0.95565253
2558,3193,0.8954748
2561,2949,0.791868
2564,2665,0.9434974
2569,3250,0.87960315
2570,2831,0.9471197
2573,2574,0.9038872
2573,2575,0.8556938
2580,2581,0.9952625
2580,2848,0.9719393
2580,3025,0.9867056
2581,2848,0.9627395
2581,3025,0.9848741
2583,2866,0.9693401
2585,2782,0.9624269
2585,2828,0.9327015
2586,3138,0.9469229
2589,3066,0.950224
2596,2597,0.9924348
2596,2598,0.9449519
2596,2599,0.88739395
2597,2625,0.9764122
2599,3300,0.8987832
2603,2669,0.9827204
2608,2609,0.95122814
2610,2611,0.9610425
2610,2612,0.96904194
2613,2614,0.96636695
2614,3292,0.8479506
2615,2812,0.7888938
2617,2618,0.9781899
2622,2782,0.9525624
2622,2830,0.9431001
2623,2624,0.9895665
2625,2650,0.98320764
2626,3054,0.84035975
2627,2628,0.95234764
2631,2899,0.95580095
2631,3009,0.98724186
2632,2649,0.9776637
2632,2650,0.9776194
2632,2651,0.89438367
2635,3024,0.88012415
2637,3164,0.8950571
2638,2639,0.9652424
2638,2640,0.9645765
2638,2641,0.9530715
2640,2641,0.98835003
2643,2776,0.9294072
2646,2911,0.9906368
2646,3017,0.9792044
2646,3018,0.9508659
2649,2650,0.9847498
2651,2827,0.9072199
2651,2828,0.9743663
2653,3291,0.9060182
2657,2863,0.7401212
2660,2853,0.93602085
2660,3255,0.91265965
2664,2991,0.9872921
2665,2784,0.96192056
2667,2786,0.9553929
2668,2846,0.9762905
2670,2671,0.90146744
2670,2672,0.9683976
2670,2673,0.8097813
2673,3284,0.93166876
2679,2750,0.96493864
2681,2886,0.9515079
2685,2686,0.8683431
2686,3132,0.96506524
2688,2689,0.7764034
2690,2691,0.8652655
2694,2695,0.95507205
2696,2697,0.90287113
2702,2703,0.92302847
2703,2705,0.97936785
2703,2706,0.9772005
2703,2966,0.9716561
2703,2976,0.97809476
2705,2706,0.9966536
2705,2966,0.9863796
2706,2966,0.98921657
2713,3232,0.9424014
2714,2715,0.84118927
2718,2720,0.9469597
2722,2723,0.893476
2726,2727,0.81611955
2729,2730,0.95605683
2730,2898,0.9639695
2731,3232,0.97162604
2732,2733,0.92948675
2736,3034,0.9530227
2737,2738,0.9368185
2739,2740,0.9396733
2739,2741,0.8492081
2743,2744,0.8847172
2747,2748,0.9488957
2761,2762,0.88214123
2761,2763,0.86435056
2762,2999,0.9576434
2764,2765,0.9249318
2772,2773,0.98845494
2772,3272,0.9749672
2773,2928,0.977189
2773,3272,0.9821768
2774,2829,0.9795831
2774,2925,0.9755234
2774,2968,0.9482939
2775,2829,0.97446
2775,2925,0.970976
2779,2780,0.9751053
2782,2783,0.9441551
2782,2784,0.95789856
2782,2785,0.9251499
2782,2786,0.9389095
2787,2788,0.932741
2788,2938,0.97328305
2794,2795,0.9510965
2801,2802,0.97698253
2804,2805,0.9314128
2805,2908,0.92113733
2806,2807,0.82596475
2814,2815,0.98197556
2820,2925,0.9512992
2820,3324,0.9386937
2824,3308,0.77493167
2828,2842,0.89370304
2828,3000,0.8826889
2829,2967,0.97821987
2829,2968,0.91953486
2830,2859,0.95999396
2832,2833,0.9077743
2835,2836,0.9755193
2835,3076,0.9462266
2835,3274,0.8985098
2842,2843,0.9882397
2849,2850,0.9688904
2851,2852,0.92681324
2857,3212,0.9476124
2863,2864,0.78201646
2866,2984,0.97579664
2868,2869,0.93661016
2868,2870,0.93661016
2872,2873,0.8833786
2889,2890,0.96024376
2894,3144,0.98788214
2896,2897,0.96994925
2899,2900,0.9333919
2899,2901,0.8415568
2899,2902,0.8595863
2899,2903,0.88431656
2904,2905,0.96803415
2905,3175,0.934552
2911,3017,0.9814205
2911,3046,0.99345654
2911,3317,0.9252368
2914,2915,0.75477993
2916,2917,0.6543592
2920,3296,0.96375406
2925,2967,0.9727653
2926,2927,0.9731966
2931,2952,0.96452916
2934,2935,0.78704464
2936,2937,0.9773935
2947,2960,0.97837764
2949,3011,0.9705791
2950,2951,0.9582819
2950,2952,0.96071434
2955,2956,0.94625396
2955,2957,0.9480253
2959,3025,0.94629365
2967,2968,0.9528621
2973,3009,0.9716031
2974,2975,0.976748
2980,2981,0.8706166
2984,2994,0.97374666
2985,2986,0.98441553
2989,2990,0.9544
2993,3215,0.97692865
2996,2997,0.9761144
3003,3004,0.9134705
3003,3005,0.9394411
3007,3249,0.96311647
3017,3046,0.9775696
3019,3159,0.9353991
3030,3263,0.9878429
3036,3203,0.9029526
3037,3038,0.9618041
3045,3187,0.9581804
3049,3050,0.94063157
3051,3207,0.97581345
3057,3058,0.9837525
3057,3059,0.97961473
3058,3059,0.9942125
3066,3067,0.95593035
3072,3080,0.9570491
3080,3081,0.8967839
3090,3091,0.9053315
3094,3095,0.9752603
3102,3267,0.9584478
3103,3267,0.96630096
3106,3107,0.9566343
3108,3109,0.8949997
3108,3110,0.90442264
3115,3116,0.9587031
3117,3118,0.9865581
3126,3127,0.9440808
3132,3193,0.9332903
3133,3134,0.9409771
3135,3136,0.9133187
3139,3244,0.9904918
3144,3145,0.97432166
3146,3147,0.96050084
3146,3148,0.95579946
3165,3166,0.9802352
3169,3172,0.9821478
3171,3172,0.9819347
3172,3173,0.96872014
3176,3177,0.92140377
3178,3179,0.9559294
3180,3181,0.95462584
3193,3194,0.8189594
3193,3195,0.87949824
3193,3196,0.8663541
3193,3197,0.80355245
3193,3210,0.8846501
3200,3201,0.9694873
3203,3204,0.9801905
3228,3236,0.97234195
3230,3254,0.9585105
3252,3253,0.9932481
3256,3281,0.90337884
3286,3287,0.95321333
3301,3302,0.97795373
3319,3320,0.9574647
3322,3323,0.9747545
